id,name,team,position,adp
9877,Aaron Judge,NYY,"LF,CF,RF",1.5
1000001,Shohei Ohtani (Batter),LAD,Util,1.7
11771,Bobby Witt Jr.,KC,SS,3.6
10626,Juan Soto,NYM,"LF,RF",4.2
12393,Elly De La Cruz,CIN,SS,7.4
11763,Tarik Skubal,DET,SP,5.7
9507,José Ramírez,CLE,3B,7.3
10480,Kyle Tucker,LAD,RF,12.4
62972,Paul Skenes,PIT,SP,8.4
11384,Julio Rodríguez,SEA,CF,11.5
12046,Garrett Crochet,BOS,SP,13.1
10646,Ronald Acuña Jr.,ATL,RF,11.0
11731,Gunnar Henderson,BAL,SS,16.3
60419,Junior Caminero,TB,3B,16.3
10639,Fernando Tatis Jr.,SD,RF,17.7
12480,Jackson Chourio,MIL,"LF,CF,RF",22.5
10621,Vladimir Guerrero Jr.,TOR,1B,17.0
11531,Cal Raleigh,SEA,C,13.4
9861,Kyle Schwarber,PHI,LF,16.4
11722,Corbin Carroll,AZ,"CF,RF",17.4
64313,Nick Kurtz,ATH,1B,20.7
10839,Jazz Chisholm Jr.,NYY,"2B,3B",23.8
10918,Pete Alonso,BAL,1B,22.2
60214,Zach Neto,LAA,SS,33.1
10056,Trea Turner,PHI,SS,28.8
9116,Francisco Lindor,NYM,SS,24.9
11706,Cristopher Sánchez,PHI,SP,26.7
10036,Ketel Marte,AZ,2B,27.9
63423,Yoshinobu Yamamoto,LAD,SP,23.7
9111,Manny Machado,SD,3B,32.3
12521,James Wood,WSH,LF,42.9
8875,Bryce Harper,PHI,1B,33.2
9605,Matt Olson,ATL,1B,33.6
10917,Brent Rooker,ATH,"LF,RF",34.4
11381,Logan Gilbert,SEA,SP,43.1
60584,Bryan Woo,SEA,SP,34.8
8780,Chris Sale,ATL,SP,38.9
12141,Hunter Brown,HOU,SP,37.4
62973,Wyatt Langford,TEX,"LF,CF",64.4
9552,Mookie Betts,LAD,SS,38.5
12157,Pete Crow-Armstrong,CHC,CF,37.3
11235,Logan Webb,SF,SP,43.3
11735,Jarren Duran,BOS,"LF,CF",47.6
60108,Roman Anthony,BOS,"LF,CF,RF",48.3
10235,Rafael Devers,SF,1B,42.4
9701,Jacob deGrom,TEX,SP,57.7
9620,Max Fried,NYY,SP,44.6
10610,Cole Ragans,KC,SP,53.8
10504,Cody Bellinger,NYY,"LF,CF,RF",58.0
12522,Jackson Merrill,SD,CF,55.0
10883,Yordan Alvarez,HOU,LF,35.3
12505,Mason Miller,SD,RP,49.3
11760,Riley Greene,DET,"LF,CF,RF",58.3
11826,George Kirby,SEA,SP,65.7
10572,Josh Naylor,SEA,1B,62.2
11417,Geraldo Perdomo,AZ,SS,62.3
11343,Brice Turang,MIL,2B,57.0
9584,Corey Seager,TEX,SS,68.3
8658,Freddie Freeman,LAD,1B,50.9
10420,Austin Riley,ATL,3B,63.5
11014,Freddy Peralta,NYM,SP,61.9
11268,William Contreras,MIL,C,61.6
10214,Edwin Díaz,LAD,RP,54.1
11847,Joe Ryan,MIN,SP,64.2
11138,Framber Valdez,DET,SP,74.1
11728,Shea Langeliers,ATH,C,65.5
10862,Hunter Greene,CIN,SP,48.0
10766,Bo Bichette,NYM,SS,70.2
12345,Kyle Bradish,BAL,SP,81.1
11526,Andrés Muñoz,SEA,RP,66.4
10438,Dylan Cease,TOR,SP,71.2
60016,Cade Smith,CLE,RP,79.1
11104,Randy Arozarena,SEA,"LF,CF",78.5
11768,Jeremy Peña,HOU,SS,83.9
12449,Vinnie Pasquantino,KC,1B,84.2
10683,Nick Pivetta,SD,SP,82.8
10627,Jesús Luzardo,PHI,SP,84.7
12336,Maikel Garcia,KC,"2B,3B,SS,OF",70.7
12005,Tyler Soderstrom,ATH,"1B,LF",84.1
11370,Oneil Cruz,PIT,CF,86.3
11822,CJ Abrams,WSH,SS,90.8
12409,Hunter Goodman,COL,C,82.4
11495,Jhoan Duran,PHI,RP,71.2
12056,Michael Harris II,ATL,CF,96.0
62137,Ben Rice,NYY,"C,1B",79.3
62935,Nolan McLean,NYM,SP,94.0
9590,Byron Buxton,MIN,CF,94.3
9334,Kevin Gausman,TOR,SP,96.7
9339,George Springer,TOR,"LF,CF,RF",88.7
10366,Teoscar Hernández,LAD,"LF,RF",103.5
11778,Michael Busch,CHC,1B,109.2
11733,Kyle Stowers,MIA,"LF,CF,RF",107.6
12588,Seiya Suzuki,CHC,"LF,RF",96.2
9571,Trevor Story,BOS,SS,120.7
9320,Christian Yelich,MIL,LF,104.0
9459,Sonny Gray,BOS,SP,100.8
9893,Willy Adames,SF,SS,104.8
10166,Willson Contreras,BOS,1B,131.2
10183,Alex Bregman,CHC,3B,80.8
10465,Yandy Díaz,TB,1B,127.7
11645,David Bednar,NYY,RP,96.6
8616,Aroldis Chapman,BOS,RP,101.6
63023,Luke Keaschall,MIN,2B,121.9
11284,Nico Hoerner,CHC,2B,99.4
64320,Trey Yesavage,TOR,SP,104.3
60254,Jacob Misiorowski,MIL,SP,108.7
11628,Devin Williams,NYM,RP,104.0
9015,Salvador Perez,KC,"C,1B",95.8
9616,Tyler Glasnow,LAD,SP,108.3
9724,Eugenio Suárez,CIN,3B,88.0
8996,Jose Altuve,HOU,"2B,LF",99.0
64316,Chase Burns,CIN,"SP,RP",125.4
10148,Blake Snell,LAD,SP,89.3
10514,Luis Castillo,SEA,SP,118.6
11750,Nick Lodolo,CIN,SP,135.9
10893,Jo Adell,LAA,"CF,RF",131.6
1000002,Shohei Ohtani (Pitcher),LAD,SP,92.2
10237,Ozzie Albies,ATL,2B,119.8
12148,Andy Pages,LAD,"LF,CF,RF",151.2
62119,Jakob Marsee,MIA,"LF,CF",134.1
10642,Will Smith,LAD,C,107.1
12468,Eury Pérez,MIA,SP,123.8
10496,Taylor Ward,BAL,LF,130.4
10765,Luis Robert Jr.,NYM,CF,151.6
12719,Lawrence Butler,ATH,"CF,RF",151.7
10730,Brandon Woodruff,MIL,SP,134.3
62976,Jacob Wilson,ATH,SS,156.0
64985,Cam Schlittler,NYY,SP,128.4
61818,Agustín Ramírez,MIA,C,125.6
60238,Emmet Sheehan,LAD,SP,153.6
10234,Dansby Swanson,CHC,SS,160.8
9007,Nathan Eovaldi,TEX,SP,136.2
10440,Ian Happ,CHC,LF,141.5
9876,Brandon Nimmo,TEX,"LF,CF",155.4
9124,Zack Wheeler,PHI,SP,141.5
11661,Michael King,SD,SP,138.7
12516,Bubba Chandler,PIT,SP,148.2
11375,Xavier Edwards,MIA,"2B,SS",157.9
10597,Sandy Alcantara,MIA,SP,160.3
12036,Ryan Pepiot,TB,SP,152.0
12314,Steven Kwan,CLE,LF,167.4
9902,Raisel Iglesias,ATL,RP,124.0
12136,Brenton Doyle,COL,CF,184.3
10940,MacKenzie Gore,TEX,SP,150.5
12550,Alec Burleson,STL,"1B,LF,RF",175.5
10577,Bryan Reynolds,PIT,"LF,CF,RF",181.8
12401,Gavin Williams,CLE,SP,155.2
10909,Trevor Rogers,BAL,SP,150.0
60077,Drake Baldwin,ATL,C,144.7
10131,Josh Hader,HOU,RP,117.4
10274,Carlos Estévez,KC,RP,127.8
9846,Christian Walker,HOU,1B,178.5
10946,Ryan Helsley,BAL,RP,137.5
60137,Tanner Bibee,CLE,SP,160.0
12322,Ezequiel Tovar,COL,SS,193.3
9691,Robbie Ray,SF,SP,155.5
11117,Ranger Suárez,BOS,SP,156.3
10205,Matt Chapman,SF,3B,137.2
12730,Ceddanne Rafaela,BOS,"2B,CF",160.7
12309,Jonathan Aranda,TB,1B,193.5
11836,Ivan Herrera,STL,C,169.8
10592,Jack Flaherty,DET,SP,172.0
12395,Andrew Abbott,CIN,SP,179.8
12413,Colson Montgomery,CWS,"3B,SS",157.1
11789,Drew Rasmussen,TB,SP,189.1
60118,Cade Horton,CHC,SP,180.8
9896,Jeff Hoffman,TOR,RP,147.5
10691,Emilio Pagán,CIN,RP,162.3
11529,Noelvi Marte,CIN,"3B,RF",151.1
60121,Daniel Palencia,CHC,RP,160.8
12025,Masyn Winn,STL,SS,204.7
12281,Spencer Strider,ATL,SP,127.7
62971,Dylan Crews,WSH,"CF,RF",201.9
63640,Shota Imanaga,CHC,SP,179.7
12667,Kerry Carpenter,DET,"LF,RF",205.1
11398,Shane McClanahan,TB,SP,201.9
64317,JJ Wetherholt,STL,"2B,3B,SS",187.1
60420,Chandler Simpson,TB,"LF,CF",192.5
9823,Carlos Rodón,NYY,SP,187.9
11717,Trevor Megill,MIL,RP,164.8
11597,Pete Fairbanks,MIA,RP,165.5
9517,Marcus Semien,NYM,2B,182.6
10964,Luis García Jr.,WSH,2B,197.3
12435,Yainer Diaz,HOU,C,186.0
11914,Spencer Torkelson,DET,1B,186.6
8758,Kenley Jansen,DET,RP,161.9
12100,Otto Lopez,MIA,"2B,SS",206.5
10944,Heliot Ramos,SF,"LF,CF,RF",206.4
10011,Matthew Boyd,CHC,SP,194.9
10903,Edward Cabrera,CHC,SP,203.4
12731,Wilyer Abreu,BOS,"LF,CF,RF",210.0
11124,Ramón Laureano,SD,"LF,CF,RF",214.7
10901,Dennis Santana,PIT,RP,181.4
11866,Andrew Vaughn,MIL,1B,216.7
12582,Daylen Lile,WSH,"LF,RF",214.7
10185,Joe Musgrove,SD,SP,210.3
10236,Gleyber Torres,DET,2B,183.1
11116,Zac Gallen,AZ,SP,186.9
66492,Tatsuya Imai,HOU,SP,196.3
10867,Shane Bieber,TOR,SP,174.6
10934,Shane Baz,BAL,SP,210.7
12351,Brendan Donovan,SEA,"2B,SS,LF",187.4
11221,Luis Arraez,SF,"1B,2B",193.2
11251,Merrill Kelly,AZ,SP,205.9
11125,Brandon Lowe,PIT,2B,195.0
60776,José Caballero,NYY,"2B,3B,SS,LF,RF",190.2
61627,Ryan Walker,SF,RP,188.9
64318,Konnor Griffin,PIT,"SS,CF",191.8
10916,Royce Lewis,MIN,3B,205.7
12746,Abner Uribe,MIL,RP,195.6
10522,Trent Grisham,NYY,CF,204.4
9882,Aaron Nola,PHI,SP,192.5
11365,Alec Bohm,PHI,"1B,3B",196.1
12540,Bryce Miller,SEA,SP,213.9
66491,Kazuma Okamoto,TOR,"1B,3B",168.6
10881,Isaac Paredes,HOU,3B,194.9
12356,Ryne Nelson,AZ,"SP,RP",193.6
11319,Kris Bubic,KC,SP,205.4
11820,Quinn Priester,MIL,"SP,RP",193.4
60129,Sal Stewart,CIN,1B,205.9
60262,Logan Henderson,MIL,SP,216.0
8861,Mike Trout,LAA,"CF,RF",162.4
11127,Adolis García,PHI,RF,202.9
10843,Daulton Varsho,TOR,"LF,CF",201.4
12122,Jordan Westburg,BAL,"2B,3B",146.8
62979,Kyle Teel,CWS,C,196.1
63143,Connelly Early,BOS,SP,212.1
60211,Noah Cameron,KC,SP,209.3
64312,Jac Caglianone,KC,"1B,RF",199.4
11290,TJ Friedl,CIN,"LF,CF",206.5
62953,Nolan Schanuel,LAA,1B,203.3
12203,Griffin Jax,TB,RP,196.6
11928,Dillon Dingler,DET,C,192.2
9319,Xander Bogaerts,SD,SS,205.9
11732,Adley Rutschman,BAL,C,175.4
9750,Jorge Polanco,NYM,"2B,3B",191.4
62955,Kevin McGonigle,DET,SS,205.7
9573,Carlos Correa,HOU,"3B,SS",196.5
12476,Sal Frelick,MIL,"LF,CF,RF",202.6
66369,Munetaka Murakami,CWS,"1B,3B",152.7
12741,Addison Barger,TOR,"3B,LF,RF",189.1
9329,Michael Wacha,KC,SP,205.4
9606,Max Muncy,LAD,3B,187.0
60147,Jordan Beck,COL,"LF,RF",999.9
64803,Roki Sasaki,LAD,SP,193.8
11817,Bryson Stott,PHI,"2B,SS",198.2
60411,Kyle Manzardo,CLE,1B,213.4
11853,Alejandro Kirk,TOR,C,187.1
10921,David Peterson,NYM,SP,202.3
11327,José Soriano,LAA,SP,211.2
11208,Bryan Abreu,HOU,RP,198.7
11855,Gabriel Moreno,AZ,C,197.5
12390,Matt McLain,CIN,2B,195.8
62984,Matt Shaw,CHC,3B,194.3
60092,Samuel Basallo,BAL,C,196.2
10152,Reynaldo López,ATL,SP,207.5
63967,Shane Smith,CWS,SP,209.5
9582,Sean Manaea,NYM,"SP,RP",195.0
12096,Bailey Ober,MIN,SP,999.9
12354,Robert Suarez,ATL,RP,185.7
11349,Francisco Alvarez,NYM,C,196.4
10922,Mark Vientos,NYM,3B,201.2
10849,Cedric Mullins,TB,CF,999.9
60090,Jackson Holliday,BAL,"2B,SS",164.5
9385,Marcell Ozuna,PIT,Util,201.8
60317,Justin Crawford,PHI,OF,203.3
11379,Ryan Weathers,NYY,SP,206.4
10666,Anthony Santander,TOR,"LF,RF",208.6
9121,Gerrit Cole,NYY,SP,182.7
10565,Mitch Keller,PIT,SP,205.7
11263,Yusei Kikuchi,LAA,SP,208.1
10601,Josh Lowe,LAA,"LF,CF,RF",999.9
11083,Casey Mize,DET,SP,201.5
11372,Braxton Ashcraft,PIT,"SP,RP",200.5
10141,Zach Eflin,BAL,SP,198.4
10557,Mickey Moniak,COL,"LF,CF,RF",999.9
11323,Brady Singer,CIN,SP,205.1
12369,Colton Cowser,BAL,"LF,CF,RF",198.9
11277,Grayson Rodriguez,LAA,SP,205.9
12430,Colt Keith,DET,"1B,2B,3B",195.7
11823,Joey Cantillo,CLE,"SP,RP",206.1
8634,Giancarlo Stanton,NYY,"LF,RF",193.1
61749,Chad Patrick,MIL,SP,999.9
12519,Mike Burrows,HOU,"SP,RP",208.3
10499,Brandon Marsh,PHI,"LF,CF",999.9
61788,Caleb Durbin,BOS,"2B,3B",198.2
10485,Ryan O'Hearn,PIT,"1B,LF,RF",196.7
12688,Spencer Steer,CIN,"1B,LF",196.9
62642,Jacob Lopez,ATH,SP,999.9
10569,Clay Holmes,NYM,SP,203.9
12776,Kodai Senga,NYM,SP,206.1
11805,Jasson Domínguez,NYY,"LF,CF",213.5
10919,Andrés Giménez,TOR,"2B,SS",190.8
63494,Jung Hoo Lee,SF,CF,194.3
12561,Jack Leiter,TEX,SP,209.8
12330,Brayan Bello,BOS,SP,199.9
12451,Carter Jensen,KC,C,198.1
9883,Josh Bell,MIN,1B,999.9
9799,Chris Bassitt,BAL,SP,203.1
10877,Jake Burger,TEX,1B,203.6
11118,Jeff McNeil,ATH,"2B,LF,CF,RF",196.1
11202,Justin Steele,CHC,SP,208.1
9123,Jameson Taillon,CHC,SP,201.9
11926,Reid Detmers,LAA,RP,191.0
60295,Will Warren,NYY,SP,206.0
60592,Andrew Painter,PHI,SP,206.2
11692,Jake Cronenworth,SD,"1B,2B,SS",202.1
60138,Chase DeLauter,CLE,"CF,RF",196.1
11781,Miguel Vargas,CWS,"1B,3B",206.1
60061,Dominic Canzone,SEA,"LF,RF",999.9
11596,Tommy Edman,LAD,"2B,3B,CF",194.0
64329,Carson Benge,NYM,OF,999.9
10326,Seth Lugo,KC,SP,999.9
12742,Spencer Horwitz,PIT,1B,999.9
9718,J.T. Realmuto,PHI,C,191.7
11846,Riley O'Brien,STL,RP,210.1
10456,Tyler Stephenson,CIN,C,195.7
60266,Brooks Lee,MIN,"2B,3B,SS",198.6
63027,Grant Taylor,CWS,RP,999.9
60615,Robert Garcia,TEX,RP,207.4
12563,Evan Carter,TEX,"LF,CF,RF",999.9
11482,Edwin Uceta,TB,RP,205.9
11796,Brett Baty,NYM,"2B,3B",192.9
62504,Chase Meidroth,CWS,"2B,3B,SS",999.9
11850,Josh Jung,TEX,3B,191.9
11011,Seranthony Domínguez,CWS,RP,199.9
12363,Spencer Schwellenbach,ATL,SP,115.1
9108,Nick Castellanos,SD,RF,199.6
64330,Cam Smith,HOU,RF,999.9
60623,Jake Mangum,PIT,"LF,CF,RF",999.9
11809,Anthony Volpe,NYY,SS,192.7
9610,J.P. Crawford,SEA,SS,192.0
10868,Willi Castro,COL,"2B,3B,LF,RF",203.3
60042,Parker Messick,CLE,SP,206.0
11892,Ernie Clement,TOR,"1B,2B,3B,SS",183.6
60418,Ian Seymour,TB,"SP,RP",999.9
60056,Brandon Pfaadt,AZ,SP,203.8
11795,Matt Wallner,MIN,"LF,RF",999.9
12007,Cade Cavalli,WSH,SP,999.9
10574,Adrian Morejon,SD,RP,194.1
11625,Emmanuel Clase,CLE,RP,999.9
11009,Jason Adam,SD,RP,999.9
10047,Shawn Armstrong,CLE,RP,999.9
12328,Ronny Henriquez,MIA,RP,999.9
12110,Will Vest,DET,RP,194.2
11709,Kyle Finnegan,DET,RP,192.8
11920,Alex Vesia,LAD,RP,192.1
11358,Garrett Whitlock,BOS,RP,193.6
11644,Tyler Rogers,TOR,RP,192.2
10217,Luke Weaver,NYM,RP,192.3
10355,Matt Strahm,KC,RP,193.0
12606,Tyler Holton,DET,"SP,RP",194.1
63308,Matt Svanson,STL,RP,999.9
12305,Randy Rodríguez,SF,RP,999.9
10616,Lourdes Gurriel Jr.,AZ,LF,999.9
11704,Garrett Cleavinger,TB,RP,999.9
12092,Eduard Bazardo,SEA,RP,999.9
10576,Eric Lauer,TOR,"SP,RP",195.8
10418,Brad Keller,PHI,RP,999.9
10659,Lucas Erceg,KC,RP,999.9
11057,Pablo López,MIN,SP,104.9
10910,Corbin Burnes,AZ,SP,211.0
8871,Shelby Miller,CHC,RP,999.9
11653,Gabe Speier,SEA,RP,999.9
10729,Phil Maton,CHC,RP,999.9
10591,Harrison Bader,SF,"LF,CF,RF",999.9
11489,Aaron Ashby,MIL,RP,999.9
12630,Jared Koenig,MIL,RP,999.9
11035,Zack Littell,CIN,SP,999.9
10763,Andrew Kittredge,BAL,RP,999.9
64014,Bryan King,HOU,RP,999.9
12687,Jeremiah Estrada,SD,RP,999.9
10931,JoJo Romero,STL,RP,999.9
10109,Steven Okert,HOU,RP,999.9
10455,Tyler Mahle,SF,SP,999.9
11479,Braydon Fisher,TOR,RP,999.9
10864,Tony Santillan,CIN,RP,999.9
12275,Dylan Lee,ATL,RP,999.9
10432,Tanner Scott,LAD,RP,999.9
12593,Tanner Banks,PHI,RP,999.9
8967,Paul Goldschmidt,NYY,1B,191.0
11195,Jacob Webb,CHC,RP,999.9
12665,Hunter Gaddis,CLE,RP,999.9
12045,Bennett Sousa,HOU,RP,999.9
12685,Greg Weissert,BOS,RP,999.9
12346,Félix Bautista,BAL,RP,999.9
60329,Orion Kerkering,PHI,RP,999.9
62262,Jack Dreyer,LAD,"SP,RP",999.9
12194,Anthony Bender,MIA,RP,999.9
12420,Lenyn Sosa,CWS,"1B,2B",999.9
9402,Caleb Thielbar,CHC,RP,999.9
10926,Clarke Schmidt,NYY,SP,999.9
9112,Jurickson Profar,ATL,LF,183.6
60281,Mike Vasil,CWS,"SP,RP",999.9
12311,Calvin Faucher,MIA,RP,999.9
60178,Brant Hurter,DET,"SP,RP",999.9
11536,Camilo Doval,NYY,RP,999.9
9727,Kirby Yates,LAA,RP,197.7
63868,AJ Blubaugh,HOU,"SP,RP",999.9
63720,Justin Sterner,ATH,RP,999.9
12590,Ronel Blanco,HOU,SP,999.9
11700,Zach McKinstry,DET,"3B,SS,LF,RF",194.6
9068,Drew Pomeranz,LAA,"SP,RP",999.9
10494,Jakob Junis,TEX,RP,999.9
10431,Keegan Akin,BAL,"SP,RP",999.9
11347,Trevor Larnach,MIN,"LF,RF",999.9
9844,Danny Coulombe,TEX,RP,999.9
62399,Lake Bachar,MIA,RP,999.9
9262,Brooks Raley,NYM,RP,999.9
9599,Steven Matz,TB,RP,999.9
12173,Connor Phillips,CIN,RP,999.9
10826,Austin Hays,CWS,LF,999.9
9640,Lucas Giolito,BOS,SP,999.9
10951,Jesús Sánchez,TOR,"LF,CF,RF",999.9
10413,Anthony Banda,MIN,RP,999.9
10415,Taylor Clarke,AZ,RP,999.9
12429,Reese Olson,DET,SP,999.9
11203,Jimmy Herget,COL,RP,999.9
9559,Pierce Johnson,CIN,RP,999.9
12562,Josh Smith,TEX,"1B,3B,SS,LF,RF",202.1
61601,Kyle Leahy,STL,RP,999.9
60175,Troy Melton,DET,"SP,RP",999.9
10692,José Alvarado,PHI,RP,999.9
11979,Nick Mears,KC,RP,999.9
11998,Bryan Baker,TB,RP,999.9
12034,Isaac Mattson,PIT,RP,999.9
10879,Gavin Sheets,SD,"1B,LF,RF",999.9
10048,Colin Rea,CHC,"SP,RP",999.9
10850,Jalen Beeks,AZ,RP,999.9
9651,Nick Martinez,TB,"SP,RP",999.9
61757,Andrew Saalfrank,AZ,RP,999.9
12156,Cole Sands,MIN,"SP,RP",999.9
62958,Hurston Waldrep,ATL,SP,204.0
11068,Matt Festa,CLE,RP,999.9
12262,Romy Gonzalez,BOS,"1B,2B",999.9
12368,Victor Vodnik,COL,RP,999.9
11428,Dean Kremer,BAL,SP,999.9
11699,Manuel Rodríguez,TB,RP,999.9
61279,Cade Gibson,MIA,RP,999.9
10985,Tyler Kinley,ATL,RP,999.9
11121,Jeffrey Springs,ATH,SP,200.2
10159,Andrew Benintendi,CWS,LF,999.9
12199,Tommy Nance,TOR,RP,999.9
11404,Cole Winn,TEX,RP,999.9
12378,Brandon Walter,HOU,SP,999.9
12690,Fernando Cruz,NYY,RP,999.9
63645,Yariel Rodriguez,TOR,RP,999.9
62085,Jordan Leasure,CWS,RP,999.9
10986,Tim Hill,NYY,RP,999.9
9684,Chris Martin,TEX,RP,999.9
11241,Brock Burke,CIN,RP,999.9
11400,Tyler Phillips,MIA,RP,999.9
11689,Luis Gil,NYY,SP,200.3
12278,Matt Brash,SEA,RP,999.9
63613,Luis Morales,ATH,SP,999.9
10861,Brendon Little,TOR,RP,999.9
12750,Justin Martinez,AZ,RP,999.9
63500,Justin Slaten,BOS,RP,999.9
11322,Daniel Lynch IV,KC,RP,999.9
12658,Huascar Brazobán,NYM,"SP,RP",999.9
10391,Wandy Peralta,SD,RP,999.9
9176,Jose Quintana,COL,SP,999.9
11815,Erik Miller,SF,RP,999.9
60645,Stephen Kolek,KC,SP,999.9
63091,Erik Sabrowski,CLE,RP,999.9
12636,Michael Kelly,ATH,RP,999.9
12086,Jacob Latz,TEX,"SP,RP",999.9
10119,Mike Yastrzemski,ATL,"LF,CF,RF",999.9
63735,Joel Peguero,SF,RP,999.9
60888,Chase Shugart,PHI,RP,999.9
12661,Brennan Bernardino,COL,"SP,RP",999.9
11255,Reed Garrett,NYM,RP,999.9
12169,Carmen Mlodzinski,PIT,"SP,RP",999.9
11052,Evan Phillips,LAD,RP,999.9
61987,Mason Fluharty,TOR,RP,999.9
12337,José Buttó,SF,"SP,RP",999.9
9815,Yimi García,TOR,RP,999.9
11648,Cole Sulser,TB,RP,999.9
11036,Caleb Ferguson,CIN,RP,999.9
9872,José Berríos,TOR,SP,999.9
9547,Hunter Harvey,CHC,RP,999.9
12161,Austin Wells,NYY,C,193.0
10325,Brock Stewart,LAD,RP,999.9
11634,John Schreiber,KC,RP,999.9
12723,Jose A. Ferrer,SEA,RP,999.9
11913,Jake Meyers,HOU,CF,999.9
10548,A.J. Puk,AZ,RP,999.9
61588,Chase Lee,TOR,RP,999.9
10794,A.J. Minter,NYM,RP,999.9
10371,Rob Zastryzny,MIL,RP,999.9
12718,Hogan Harris,ATH,RP,999.9
12376,Chris Murphy,CWS,RP,999.9
9868,Sean Newcomb,CWS,"SP,RP",999.9
8287,David Robertson,PHI,RP,999.9
12114,Tyler Wells,BAL,SP,999.9
60239,Edgardo Henriquez,LAD,RP,999.9
11977,Max Kranick,NYM,RP,999.9
63567,Luinder Avila,KC,RP,999.9
11894,Nick Sandlin,LAA,RP,999.9
10147,Ryan Yarbrough,NYY,"SP,RP",999.9
65463,David Morgan,SD,RP,999.9
12215,Tylor Megill,NYM,SP,999.9
12695,Louis Varland,TOR,RP,999.9
62461,Jack Perkins,ATH,"SP,RP",999.9
60570,Steven Cruz,KC,RP,999.9
60389,Trevor McDonald,SF,"SP,RP",999.9
60896,Kade Strowd,AZ,RP,999.9
61866,Isaac Collins,KC,"LF,RF",999.9
11889,Ryan Thompson,AZ,RP,999.9
10544,Miguel Andujar,SD,"3B,LF",999.9
12204,Jason Foley,SF,RP,999.9
12367,Dylan Dodd,ATL,RP,999.9
11427,Brenan Hanifee,DET,RP,999.9
12242,Tyler Gilbert,CWS,"SP,RP",999.9
10133,Taylor Rogers,MIN,RP,999.9
10098,Adrian Houser,SF,SP,999.9
63960,Andrew Alvarez,WSH,SP,999.9
12425,Dylan Smith,DET,RP,999.9
63581,Justin Wrobleski,LAD,RP,999.9
8622,Craig Kimbrel,NYM,RP,999.9
10269,Derek Law,AZ,RP,999.9
9105,Nolan Arenado,AZ,3B,191.9
12237,Austin Warren,NYM,RP,999.9
11503,Simeon Woods Richardson,MIN,SP,999.9
64785,Ben Casparius,LAD,"SP,RP",999.9
9563,Robert Stephenson,LAA,RP,999.9
10412,Michael Kopech,LAD,RP,999.9
12549,Michael McGreevy,STL,SP,999.9
9809,Hunter Strickland,LAA,RP,999.9
10773,Aaron Bummer,ATL,RP,999.9
12332,Ron Marinaccio,SD,RP,999.9
12682,Javier Assad,CHC,SP,999.9
10468,Joe Jiménez,ATL,RP,999.9
60231,Gavin Stone,LAD,SP,999.9
11547,Tobias Myers,NYM,"SP,RP",999.9
10096,Jorge López,WSH,RP,999.9
64992,Bradgley Rodriguez,SD,RP,999.9
11838,Johan Oviedo,BOS,SP,999.9
11754,Tyler Freeman,COL,"2B,RF",999.9
60440,Cody Bradford,TEX,SP,999.9
10657,Paul Sewald,AZ,RP,999.9
12727,Brent Headrick,NYY,RP,999.9
9557,Javier Báez,DET,"2B,3B,SS,CF",192.5
12374,Joey Ortiz,MIL,SS,999.9
9095,Yu Darvish,SD,SP,999.9
61806,Cody Laweryson,MIN,RP,999.9
12377,Wikelman González,CWS,"SP,RP",999.9
12733,Tim Herrin,CLE,RP,999.9
10175,Ryan McMahon,NYY,3B,191.7
11794,Ryan Jeffers,MIN,C,204.4
10511,Gavin Lux,TB,"2B,3B,LF",999.9
10998,Scott Barlow,ATH,RP,999.9
11207,Justin Lawrence,PIT,RP,999.9
9782,Andrew Chafin,MIN,RP,999.9
12677,Bryan Hoeing,SD,RP,999.9
63278,Daysbel Hernández,ATL,RP,999.9
10992,Isiah Kiner-Falefa,BOS,"2B,3B,SS",999.9
12714,Nathan Lukes,TOR,"LF,CF,RF",999.9
12263,Janson Junk,MIA,"SP,RP",999.9
10444,Bryan Hudson,NYM,RP,999.9
11431,Kutter Crawford,BOS,SP,999.9
61839,Hunter Bigge,TB,RP,999.9
60158,Cristian Mena,AZ,"SP,RP",999.9
12497,Hayden Wesneski,HOU,SP,999.9
9135,Erasmo Ramírez,MIN,RP,999.9
61755,Tyler Ferguson,ATH,RP,999.9
11453,Rico Garcia,BAL,RP,999.9
61375,Ryan Zeferjahn,LAA,RP,999.9
11799,Dedniel Núñez,NYM,RP,999.9
12212,Lars Nootbaar,STL,"LF,CF,RF",999.9
9272,Justin Wilson,BOS,RP,999.9
60180,Elvis Alvarado,ATH,RP,999.9
63479,Juan Mejia,COL,RP,999.9
62045,Grant Anderson,MIL,RP,999.9
60338,Hunter Barco,PIT,"SP,RP",999.9
7977,Andrew McCutchen,TEX,RF,999.9
60218,Ben Joyce,LAA,RP,999.9
10736,Hoby Milner,CHC,RP,999.9
60356,Ryan Bergert,KC,SP,999.9
10264,Chris Devenski,PIT,RP,999.9
63515,Yuki Matsui,SD,RP,999.9
11210,Luis Rengifo,MIL,"2B,3B,OF",999.9
60187,Jayden Murray,HOU,RP,999.9
62256,Spencer Bivens,SF,RP,999.9
62403,Jose Espada,BAL,RP,999.9
60907,Jared Jones,PIT,SP,999.9
60286,Eric Orze,MIN,RP,999.9
12392,Graham Ashcraft,CIN,RP,999.9
11320,Jackson Kowar,BAL,RP,999.9
11761,Wenceel Pérez,DET,"CF,RF",999.9
62977,Rhett Lowder,CIN,SP,999.9
9653,Tommy Kahnle,DET,RP,999.9
12699,Luis L. Ortiz,CLE,SP,999.9
11287,Keegan Thompson,COL,RP,999.9
11211,José Suarez,ATL,RP,999.9
11168,John Means,KC,SP,999.9
10848,DL Hall,MIL,"SP,RP",999.9
9632,Luke Jackson,SEA,RP,999.9
10395,Carson Kelly,CHC,C,192.6
11569,Joey Gerber,NYM,"SP,RP",999.9
62678,PJ Poulin,WSH,RP,999.9
12324,James McArthur,KC,RP,999.9
12408,Joe Rock,TB,"SP,RP",999.9
8619,Carlos Santana,AZ,1B,999.9
63577,River Ryan,LAD,SP,999.9
11064,Enyel De Los Santos,HOU,RP,999.9
12307,Steven Wilson,TB,RP,999.9
10783,Dietrich Enns,BAL,"SP,RP",999.9
10423,Michael Soroka,AZ,"SP,RP",999.9
10976,Julian Fernández,WSH,RP,999.9
11292,Jonathan India,KC,"2B,3B,LF",196.0
8918,Alex Cobb,DET,SP,999.9
11561,Nick Raquet,STL,RP,999.9
12407,Jaden Hill,COL,RP,999.9
64811,Hunter Dobbins,STL,SP,999.9
10549,Grant Holmes,ATL,SP,999.9
10769,Chris Flexen,CHC,RP,999.9
11142,Ian Hamilton,ATL,RP,999.9
11204,Sam Hentges,SF,RP,999.9
63299,DJ Herz,WSH,SP,999.9
10681,Mark Leiter Jr.,ATH,RP,999.9
12523,Robert Gasser,MIL,SP,999.9
11854,Alek Manoah,LAA,SP,999.9
11420,Tristan Beck,SF,RP,999.9
12446,Alec Marsh,KC,SP,999.9
60569,Evan Sisk,PIT,RP,999.9
9672,Blake Treinen,LAD,RP,999.9
12038,Landon Knack,LAD,SP,999.9
12366,AJ Smith-Shawver,ATL,SP,999.9
11769,Jonathan Bowlan,PHI,RP,999.9
12757,Colin Selby,BAL,RP,999.9
11112,Brusdar Graterol,LAD,RP,999.9
65071,Jose Fermin,LAA,RP,999.9
12014,Clayton Beeter,WSH,RP,999.9
12609,Danny Young,ATL,RP,999.9
12615,Chase Silseth,LAA,RP,999.9
11050,Drew Smith,WSH,RP,999.9
12163,Jeff Criswell,COL,RP,999.9
61744,Justin Hagenman,NYM,RP,999.9
12286,Alan Rangel,PHI,"SP,RP",999.9
62751,Andrew Walters,CLE,RP,999.9
12673,Andrew Nardi,MIA,RP,999.9
9118,Starling Marte,KC,"LF,RF",999.9
12709,Prelander Berroa,CWS,RP,999.9
11307,Konnor Pilkington,DET,RP,999.9
10997,Lou Trivino,PHI,RP,999.9
12093,Carlos Vargas,SEA,RP,999.9
11829,Brandon Williamson,CIN,SP,999.9
60237,Kyle Hurt,LAD,RP,999.9
12277,Reiver Sanmartin,SF,RP,999.9
12772,Gus Varland,WSH,RP,999.9
63485,Will Klein,LAD,RP,999.9
8652,Martín Pérez,ATL,SP,999.9
9455,Luis García,NYM,RP,999.9
64866,Eiberson Castellano,COL,RP,999.9
64972,Brayan Mendoza,MIA,RP,999.9
60034,Joseph Montalvo,DET,SP,999.9
64366,Drew Beam,KC,SP,999.9
66454,Leandro Lopez,TEX,SP,999.9
66385,Tyler Uberstine,BOS,SP,999.9
60556,Dylan Ray,AZ,SP,999.9
62881,Lael Lockhart,DET,SP,999.9
62930,Cole Miller,ATH,SP,999.9
63211,Izack Tiger,TEX,SP,999.9
63238,Tucker Musgrove,SD,"SP,RP",999.9
63713,Austin Krob,SD,"SP,RP",999.9
10526,Cody Ponce,TOR,SP,205.5
63599,C.J. Culpepper,MIN,SP,999.9
62838,Blake Wolters,KC,SP,999.9
65765,Zachary Root,LAD,SP,999.9
60321,Alex McFarlane,PHI,"SP,RP",999.9
62136,RJ Petit,COL,RP,999.9
65476,Sean Paul Liñan,WSH,SP,999.9
64946,Hayden Mullins,BOS,SP,999.9
66441,Argenis Cayama,SF,SP,999.9
60668,Trace Bright,BAL,"SP,RP",999.9
60196,Alimber Santa,HOU,RP,999.9
64616,Will Watson,NYM,SP,999.9
60326,Micah Ottenbreit,PHI,SP,999.9
60074,Adam Maier,ATL,SP,999.9
65410,Douglas Orellana,NYM,RP,999.9
60116,Shane Drohan,MIL,SP,999.9
60429,Tekoah Roby,STL,SP,999.9
62835,Josh Ekness,MIA,RP,999.9
60433,Emiliano Teodo,TEX,RP,999.9
64988,Mavis Graves,PHI,SP,999.9
64942,Keeler Morfe,BAL,SP,999.9
60426,Brock Porter,TEX,RP,999.9
66451,Josh Trentadue,TEX,SP,999.9
66439,Eric Yost,SD,SP,999.9
64130,Tyson Guerrero,KC,SP,999.9
12473,Zach McCambley,PHI,RP,999.9
60235,Nick Frasso,LAD,"SP,RP",999.9
64961,Steven Zobac,KC,SP,999.9
60305,Juan Carela,CWS,SP,999.9
62877,Drue Hackenberg,ATL,SP,999.9
63965,Peyton Gray,TEX,RP,999.9
65799,Dean Livingston,AZ,SP,999.9
60345,Dylan Lesko,TB,RP,999.9
64418,Ethan Schiefelbein,DET,SP,999.9
60551,Yu-Min Lin,AZ,SP,999.9
64993,Francis Pena,SD,RP,999.9
62809,Josh Knoth,MIL,SP,999.9
60366,Taylor Dollard,SEA,SP,999.9
64643,John Holobetz,BOS,SP,999.9
64501,Zach Swanson,DET,SP,999.9
66416,Bryce Mayer,HOU,"SP,RP",999.9
64816,Henry Baez,ATH,SP,999.9
64388,Ryan Forcucci,HOU,SP,999.9
63008,Alonzo Tredwell,HOU,"SP,RP",999.9
65791,J.D. Thompson,MIL,SP,999.9
61969,Tyler Samaniego,BOS,RP,999.9
12115,Kohei Arihara,TEX,"SP,RP",999.9
63054,Will Sanders,CHC,SP,999.9
62912,Zach Thornton,NYM,SP,999.9
64338,Jonathan Santucci,NYM,SP,999.9
62911,Ixan Henderson,STL,SP,999.9
62934,James Ellwanger,MIN,SP,999.9
64412,Thatcher Hurd,NYY,SP,999.9
65910,CJ Gray,AZ,SP,999.9
63312,Zack Showalter,STL,RP,999.9
60353,Garrett Hawkins,SD,RP,999.9
64393,Chris Cortez,LAA,SP,999.9
12443,Frank Mozzicato,KC,SP,999.9
60397,Brycen Mautz,STL,SP,999.9
12515,Anthony Solometo,PIT,SP,999.9
64976,Jose Olivares,MIN,SP,999.9
65737,Tyler Bremner,LAA,SP,999.9
64372,Owen Hall,DET,SP,999.9
64351,Ben Hess,NYY,SP,999.9
64904,Dioris De La Rosa,LAA,SP,999.9
64384,Tyson Neighbors,BAL,RP,999.9
60900,Ryan Watson,BOS,RP,999.9
60395,Cooper Hjerpe,STL,SP,999.9
66455,Dalton Pence,TEX,"SP,RP",999.9
60435,Dane Acker,TEX,RP,999.9
61927,Franco Aleman,CLE,RP,999.9
64913,Jeremy Reyes,ATL,SP,999.9
63094,Chen-Wei Lin,STL,SP,999.9
66394,Daury Vasquez,AZ,SP,999.9
60123,Nazier Mulé,CHC,SP,999.9
60223,Walbert Ureña,LAA,SP,999.9
64918,Luis Gastelum,STL,RP,999.9
66408,JeanPierre Ortiz,CIN,"SP,RP",999.9
63190,Brody Hopkins,TB,SP,999.9
60541,Jake Bennett,BOS,SP,999.9
12106,Kervin Castro,NYY,RP,999.9
64354,Dasan Hill,MIN,SP,999.9
66417,Kendry Chourio,KC,SP,999.9
65722,Seth Hernandez,PIT,SP,999.9
64508,Brandon Clarke,STL,SP,999.9
64356,Carter Holton,ATL,SP,999.9
63105,Hiro Wyatt,KC,SP,999.9
63961,Cole Paplham,SD,RP,999.9
60590,Griff McGarry,WSH,SP,999.9
60242,Peter Heubeck,LAD,SP,999.9
63022,Levi Wells,BAL,SP,999.9
63140,Andrew Sears,DET,SP,999.9
63165,Cade Denton,COL,RP,999.9
60653,Karson Milbrandt,MIA,SP,999.9
64964,Felix Arronde,KC,SP,999.9
65004,Gary Gill Hill,TB,SP,999.9
65014,Marquis Grissom Jr.,WSH,RP,999.9
64561,L.P. Langevin,KC,RP,999.9
60268,Marco Raya,MIN,"SP,RP",999.9
65458,Connor Noland,CHC,"SP,RP",999.9
65826,Michael Lombardi,KC,SP,999.9
63638,Winston Santos,TEX,SP,999.9
65895,Sean Youngerman,PHI,SP,999.9
66427,Liomar Martinez,MIA,SP,999.9
60488,Santiago Suarez,TB,SP,999.9
65300,Austin Peterson,CLE,SP,999.9
65486,Elison Joseph,ATL,RP,999.9
65048,William Kempner,MIA,RP,999.9
64938,Michael Forret,TB,SP,999.9
65754,Riley Quick,MIN,SP,999.9
65928,Zane Taylor,ATH,SP,999.9
63557,Jordy Vargas,COL,SP,999.9
66445,Luis De La Torre,SF,SP,999.9
12177,Tink Hence,STL,SP,999.9
62874,Quinn Mathews,STL,SP,999.9
63582,Hyun-Seok Jang,LAD,SP,999.9
65037,Samy Natera Jr.,LAA,RP,999.9
66442,Keyner Martinez,SF,"SP,RP",999.9
64564,Clark Candiotti,SD,SP,999.9
12444,Ben Kudrna,KC,SP,999.9
65999,Frank Cairone,MIL,SP,999.9
64915,Branneli Franco,STL,RP,999.9
66465,Alexander Alberto,CWS,RP,999.9
62897,Jackson Baumeister,TB,SP,999.9
63202,Ethan Pecko,HOU,SP,999.9
64945,Juan Valera,BOS,SP,999.9
12537,Michael Morales,SEA,SP,999.9
60439,Josh Stephan,TEX,SP,999.9
64545,Cade Obermueller,PHI,SP,999.9
64941,Esteban Mejia,BAL,SP,999.9
11788,Antoine Kelly,LAD,SP,999.9
66397,Wei-En Lin,ATH,"SP,RP",999.9
64336,Kash Mayfield,SD,SP,999.9
65341,David Davalillo,TEX,SP,999.9
63481,Yoniel Curet,PHI,SP,999.9
66384,Miguel Mendez,SD,SP,999.9
65694,Josh White,MIA,RP,999.9
64402,Cameron Sullivan,CLE,SP,999.9
64345,David Shields,KC,SP,999.9
65768,Landon Harmon,WSH,SP,999.9
60732,Chen Zhong-Ao Zhuang,ATH,SP,999.9
11753,Daniel Espino,CLE,SP,999.9
65729,Kade Anderson,SEA,SP,999.9
65764,Matthew Fisher,PHI,SP,999.9
64575,Dylan Jordan,LAA,SP,999.9
66452,Kolton Curtis,TEX,SP,999.9
12150,Dax Fulton,MIA,SP,999.9
63840,Joel Hurtado,LAA,SP,999.9
63235,Patrick Copen,LAD,SP,999.9
64513,Luke Sinnard,ATL,SP,999.9
62808,Sean Sullivan,COL,SP,999.9
63187,Jack Wenninger,NYM,SP,999.9
60639,Marcelo Perez,SEA,SP,999.9
60079,Blake Burkhalter,ATL,RP,999.9
66156,Anthony Nunez,BAL,RP,999.9
64736,Ryan Gallagher,MIN,SP,999.9
60222,Coleman Crow,MIL,SP,999.9
65390,Robinson Ortiz,SEA,RP,999.9
64512,Sam Stuhr,ATH,"SP,RP",999.9
63616,Wen Hui Pan,PHI,RP,999.9
64451,Jakob Wright,LAD,SP,999.9
64439,Johnny King,TOR,SP,999.9
64481,Khal Stephen,CLE,SP,999.9
65322,Nestor German,BAL,SP,999.9
60346,Robby Snelling,MIA,SP,999.9
63591,Matt Pushard,STL,RP,999.9
65800,Kaleb Wing,CHC,SP,999.9
66403,Tyler Schlaffer,CHC,SP,999.9
63564,Jose Fleury,HOU,"SP,RP",999.9
12496,Brendan Beck,NYY,SP,999.9
65798,Cam Leiter,LAD,SP,999.9
63100,Trevor Harrison,TB,SP,999.9
60455,Jarlin Susana,WSH,SP,999.9
66421,Josh Hansell,KC,SP,999.9
65839,Riley Kelly,COL,SP,999.9
65802,Talon Haley,LAA,SP,999.9
66413,Lucas Elissalt,DET,SP,999.9
60425,Trevor Martin,TB,RP,999.9
63977,Alex Cook,TB,RP,999.9
66381,Wilber Dotel,PIT,SP,999.9
64572,Cole Hertzler,HOU,SP,999.9
64901,Yhoiker Fajardo,STL,SP,999.9
65922,Grayson Grinsell,DET,SP,999.9
60339,Michael Kennedy,CLE,"SP,RP",999.9
62995,Cole Schoenwetter,CIN,"SP,RP",999.9
60070,Owen Murphy,ATL,SP,999.9
65857,Matt Barr,MIN,SP,999.9
62752,Kade Morris,ATH,SP,999.9
66395,Chung-Hsiang Huang,AZ,SP,999.9
64553,Carson Messina,TOR,SP,999.9
64954,Ryan Webb,CLE,"SP,RP",999.9
64914,Darlin Saladin,STL,"SP,RP",999.9
62980,Noble Meyer,MIA,SP,999.9
63107,Josh Grosz,AZ,SP,999.9
63625,Isaiah Lowe,SD,SP,999.9
60383,Eric Silva,DET,RP,999.9
12419,Tanner McDougal,CWS,SP,999.9
60234,Ronan Kopp,LAD,RP,999.9
64220,Cade Winquest,NYY,SP,999.9
64970,Keyner Benitez,MIA,SP,999.9
60746,David Sandlin,CWS,"SP,RP",999.9
12529,Victor Lizarraga,SD,SP,999.9
66456,Gage Stanifer,TOR,"SP,RP",999.9
64385,Chase Mobley,CLE,SP,999.9
64350,Jurrangelo Cijntje,STL,SP,999.9
60227,Ryan Costeiu,LAA,"SP,RP",999.9
60162,Tyler Schweitzer,CWS,"SP,RP",999.9
65896,JT Quinn,BAL,SP,999.9
62905,Josh Bostick,SF,SP,999.9
61688,Evan Reifert,TB,RP,999.9
66426,Kevin Defrank,MIA,SP,999.9
65831,Mason Morris,CIN,SP,999.9
65755,Patrick Forbes,AZ,SP,999.9
60148,Jackson Cox,COL,SP,999.9
63867,Humberto Cruz,SD,SP,999.9
64409,Blake Larson,CWS,SP,999.9
61918,Chase Hampton,NYY,SP,999.9
66389,Jake Miller,DET,SP,999.9
60127,Drew Gray,CHC,SP,999.9
63104,Jaden Woods,PIT,RP,999.9
65823,Tanner Franklin,STL,SP,999.9
66487,Po-Chun Lin,SEA,SP,999.9
62833,Seth Keener,CWS,"SP,RP",999.9
63635,Aidan Curry,TEX,SP,999.9
64949,Dalvinson Reyes,BOS,SP,999.9
65003,Dylan Wilson,SEA,SP,999.9
65228,Eric Reyzelman,NYY,RP,999.9
60298,Trystan Vrieling,SF,SP,999.9
64436,Travis Smith,MIL,SP,999.9
60358,Jagger Haynes,SD,SP,999.9
62888,Carlson Reed,PIT,SP,999.9
63256,Jackson Nezuh,HOU,"SP,RP",999.9
65333,Brandan Bidois,PIT,RP,999.9
65314,Wellington Aracena,AZ,SP,999.9
66162,Carlos De La Rosa,SF,SP,999.9
63010,Juaron Watts-Brown,BAL,SP,999.9
60114,Luis Perales,WSH,SP,999.9
64636,David Hagaman,AZ,SP,999.9
62563,Ian Mejia,ATL,"SP,RP",999.9
63630,Jeter Martinez,PIT,SP,999.9
63192,Blake Wehunt,BOS,SP,999.9
64639,Braden Davis,STL,SP,999.9
64522,Brandon Neely,BOS,RP,999.9
60640,Reid VanScoter,SEA,SP,999.9
65728,Kyson Witherspoon,BOS,SP,999.9
61295,Cameron Foster,BAL,RP,999.9
65830,Micah Bucknam,TOR,SP,999.9
64294,Jared Karros,LAD,SP,999.9
65844,Anthony Eyanson,BOS,SP,999.9
64563,Ethan Bagwell,ATL,SP,999.9
65731,Kruz Schoolcraft,SD,SP,999.9
64449,Josh Randall,WSH,SP,999.9
62777,Garrett Baumann,ATL,SP,999.9
62880,Landen Maroudis,TOR,SP,999.9
66437,Bryan Balzer,SD,SP,999.9
12462,Maddux Bruns,LAD,SP,999.9
66436,Lan-Hong Su,SD,SP,999.9
63602,Andrew Morris,MIN,SP,999.9
62849,Kyle Carr,NYY,SP,999.9
65778,Johnny Slawinski,LAA,SP,999.9
65816,Justin Lamkin,KC,SP,999.9
60441,Brandon Barriera,TOR,SP,999.9
60649,Gerelmi Maldonado,SF,SP,999.9
66383,Yorman Gómez,CLE,"SP,RP",999.9
60400,Max Rajcic,STL,SP,999.9
62948,Paul Wilson,DET,SP,999.9
60327,Jean Cabrera,PHI,SP,999.9
63157,Caden Scarborough,TEX,SP,999.9
65763,Aaron Watson,CIN,SP,999.9
60145,Gabriel Hughes,COL,SP,999.9
65845,Malachi Witherspoon,DET,SP,999.9
64909,Will Johnston,ATH,"SP,RP",999.9
66414,Kelvis Salcedo,DET,"SP,RP",999.9
63102,T.J. Nichols,TB,SP,999.9
64374,Gage Jump,ATH,SP,999.9
60210,Chandler Champlain,KC,SP,999.9
64948,Jojo Ingrassia,BOS,RP,999.9
64010,Braden Nett,ATH,SP,999.9
64944,Jedixson Paez,CWS,SP,999.9
64920,Yordin Chalas,AZ,"SP,RP",999.9
62802,Eriq Swan,WSH,SP,999.9
62816,Camden Minacci,LAA,RP,999.9
64997,Trent Harris,SF,RP,999.9
66005,Michael Salina,SD,SP,999.9
65858,Will Hynes,CLE,SP,999.9
60585,Ashton Izzi,AZ,SP,999.9
63639,Kendry Rojas,MIN,SP,999.9
64977,Adrian Bohorquez,MIN,SP,999.9
60197,Michael Knorr,HOU,RP,999.9
66367,Dylan Ross,NYM,RP,999.9
64315,Hagen Smith,CWS,SP,999.9
66001,Dominick Reid,CHC,SP,999.9
65718,Ben Shields,COL,SP,999.9
64396,Gage Ziehl,BOS,SP,999.9
12553,Ian Bedell,STL,SP,999.9
64001,Eric Cerantola,KC,RP,999.9
65819,Pico Kohn,NYY,SP,999.9
65249,Kenya Huggins,ATH,SP,999.9
65797,Chase Shores,LAA,SP,999.9
63066,Christian Oppor,CWS,SP,999.9
66386,John Klein,MIN,"SP,RP",999.9
65828,Nate Snead,LAA,SP,999.9
66380,Riley Cornelio,WSH,SP,999.9
62992,Travis Sykora,WSH,SP,999.9
63112,Patrick Reilly,BAL,SP,999.9
64346,Braylon Doughty,CLE,SP,999.9
64327,Ryan Sloan,SEA,SP,999.9
63531,Alex Pham,BAL,RP,999.9
61578,Tzu-Chen Sha,ATH,"SP,RP",999.9
64573,Cade Crossland,STL,SP,999.9
65961,Camden Lohman,NYM,SP,999.9
66443,Alberto Laroche,SF,SP,999.9
62899,Bishop Letson,MIL,SP,999.9
65752,JB Middleton,COL,SP,999.9
64342,Bryce Cunningham,NYY,SP,999.9
66423,Xavier Mitchell,LAA,SP,999.9
62986,Thomas White,MIA,SP,999.9
62869,Jack Mahoney,COL,SP,999.9
12349,Ryan Weiss,HOU,SP,999.9
62936,Ty Floyd,CIN,SP,999.9
60399,Pete Hansen,STL,SP,999.9
65403,Tyson Hardin,MIL,SP,999.9
64905,Ubaldo Soto,LAA,"SP,RP",999.9
63018,Teddy McGraw,SEA,SP,999.9
64364,Josh Hartle,CLE,SP,999.9
63534,Yordanny Monegro,BOS,SP,999.9
60191,Miguel Ullola,HOU,"SP,RP",999.9
66009,Landon Beidelschies,ATL,SP,999.9
10779,Drew Anderson,DET,RP,999.9
65788,Marcus Phillips,BOS,SP,999.9
65886,Gage Wood,PHI,SP,999.9
66398,Rayven Antonio,ATL,SP,999.9
60058,Landon Sims,AZ,RP,999.9
62890,Alejandro Rosario,WSH,SP,999.9
63607,Henry Lalane,NYY,SP,999.9
66458,Silvano Hechavarria,TOR,SP,999.9
60156,Noah Schultz,CWS,SP,999.9
65803,Miguel Sime Jr.,WSH,SP,999.9
60071,JR Ritchie,ATL,SP,999.9
64491,Griffin Herring,COL,SP,999.9
62806,Trey Gibson,BAL,SP,999.9
64955,Michael Prosecky,COL,SP,999.9
64326,Cam Caminiti,ATL,SP,999.9
64556,Mason Molina,STL,SP,999.9
66433,Ramon Marquez,PHI,SP,999.9
63933,Mason Adams,CWS,SP,999.9
63578,Payton Martin,LAD,SP,999.9
65170,Tyler Cleveland,SEA,RP,999.9
65156,Welinton Herrera,COL,RP,999.9
64417,Aiden May,MIA,SP,999.9
63201,Cade Smith,NYY,SP,999.9
65516,Ryan Harbin,PIT,RP,999.9
65005,Jose Urbina,TB,SP,999.9
62799,Hunter Owen,KC,SP,999.9
65779,Briggs McKenzie,ATL,SP,999.9
60267,Connor Prielipp,MIN,SP,999.9
60099,Carter Baumler,TEX,RP,999.9
63195,Lucas Braun,ATL,SP,999.9
63059,Barrett Kent,LAA,SP,999.9
64608,Jared Spencer,TOR,SP,999.9
66409,Konner Eaton,COL,SP,999.9
60115,Elmer Rodríguez,NYY,SP,999.9
12495,Ken Waldichuk,WSH,SP,999.9
63608,Zach Messinger,NYY,"SP,RP",999.9
63598,Cory Lewis,MIN,"SP,RP",999.9
64414,Connor Foley,AZ,SP,999.9
66006,Peter Kussow,NYM,SP,999.9
63802,Christian Zazueta Jr.,LAD,SP,999.9
66459,Yoel Tejeda Jr.,WSH,SP,999.9
65805,Ben Jacobs,DET,SP,999.9
65920,Cody Bowker,PHI,SP,999.9
10538,Anthony Kay,CWS,SP,999.9
63028,Jaxon Wiggins,CHC,SP,999.9
12574,Ricky Tiedemann,TOR,SP,999.9
64642,Charlie Beilenson,SEA,RP,999.9
63554,Jackson Humphries,CLE,SP,999.9
64022,Harrison Cohen,NYY,RP,999.9
60119,Jackson Ferris,LAD,SP,999.9
64496,Nate Dohm,STL,SP,999.9
66534,Antwone Kelly,PIT,SP,999.9
63064,George Klassen,LAA,SP,999.9
64631,Austin Gordon,LAA,SP,999.9
66161,Duncan Davitt,CWS,SP,999.9
60430,Mitch Bratt,AZ,SP,999.9
66429,Eliazar Dishmey,MIA,SP,999.9
64371,Tristan Smith,CIN,SP,999.9
64900,K.C. Hunt,MIL,SP,999.9
60741,Riley Martin,CHC,RP,999.9
64400,Bryce Meccage,MIL,SP,999.9
61938,Domingo González,SEA,RP,999.9
64047,Brett Wichrowski,MIL,SP,999.9
66453,Paul Bonzagni,TEX,SP,999.9
65010,Kohl Drake,AZ,SP,999.9
60652,Jacob Miller,MIA,SP,999.9
62763,Alex Clemmey,WSH,SP,999.9
64337,Brody Brecht,COL,SP,999.9
62801,Kannon Kemp,SD,"SP,RP",999.9
64768,Jacob Bresnahan,SF,SP,999.9
64448,Grant Shepardson,MIA,"SP,RP",999.9
63631,Jimmy Joyce,SEA,RP,999.9
62906,Lebarron Johnson Jr.,COL,SP,999.9
64365,Luke Holman,CIN,SP,999.9
63533,Angel Bastardo,TOR,SP,999.9
65730,Liam Doyle,STL,SP,999.9
66428,Nate Payne,MIA,SP,999.9
64544,Hunter Cranton,SEA,RP,999.9
63246,Braxton Bragg,BAL,SP,999.9
64737,Grant Knipp,SEA,SP,999.9
63551,Adam Serwinowski,LAD,SP,999.9
60557,Spencer Giesting,AZ,SP,999.9
65368,Grant Kipp,CHC,SP,999.9
64407,Conrad Cason,BOS,SP,999.9
66431,R.J. Gordon,NYM,SP,999.9
64442,Jackson Kent,WSH,SP,999.9
64353,Boston Bateman,BAL,SP,999.9
12498,Brock Selvidge,NYY,SP,999.9
65723,Jamie Arnold,ATH,SP,999.9
64355,Levi Sterling,PIT,SP,999.9
64102,Jack Choate,SF,"SP,RP",999.9
64397,Matt Ager,PIT,SP,999.9
62949,Joe Whitman,SF,SP,999.9
65891,Brian Curley,AZ,SP,999.9
62989,Charlee Soto,MIN,SP,999.9
60157,Peyton Pallette,CLE,RP,999.9
65016,Fernando Perez,TOR,SP,999.9
64951,Aldrin Batista,CWS,"SP,RP",999.9
65862,Griffin Hugus,SEA,SP,999.9
63529,Luis De León,BAL,SP,999.9
64692,Luke Hayden,CIN,SP,999.9
64634,Herick Hernandez,ATL,SP,999.9
10489,Foster Griffin,WSH,RP,999.9
63113,Jaden Hamm,DET,SP,999.9
66164,Yunior Marte,SF,SP,999.9
64682,Ethan Dorchies,MIL,"SP,RP",999.9
64422,Daniel Eagen,AZ,SP,999.9
65029,Spencer Miles,TOR,SP,999.9
64562,Chia-Shi Shen,SEA,SP,999.9
65006,Ty Johnson,TB,"SP,RP",999.9
63006,Steven Echavarria,ATH,SP,999.9
63563,Trey Dombroski,HOU,"SP,RP",999.9
64912,Jhancarlos Lara,ATL,"SP,RP",999.9
66390,Leandro Lopez,TEX,SP,999.9
64679,Ryan Lambert,NYM,RP,999.9
66405,Mathias LaCombe,CWS,"SP,RP",999.9
61291,Daison Acosta,SD,RP,999.9
63711,Alex Hoppe,SEA,RP,999.9
65775,A.J. Russell,TEX,SP,999.9
66411,Jake Miller,DET,SP,999.9
62895,Khristian Curtis,PIT,SP,999.9
63530,Juan Nuñez,BAL,"SP,RP",999.9
63258,James Hicks,HOU,SP,999.9
64764,Yujanyer Herrera,COL,"SP,RP",999.9
63611,Carlos Lagrange,NYY,SP,999.9
62946,Cade Kuehler,ATL,SP,999.9
64343,Joey Oakie,CLE,"SP,RP",999.9
64906,Anderson Brito,TB,SP,999.9
64773,Moises Chace,PHI,SP,999.9
66372,Jose Franco,CIN,"SP,RP",999.9
60744,Brandon Birdsell,CHC,SP,999.9
63123,Skylar Hales,STL,RP,999.9
12535,Adam Macko,TOR,"SP,RP",999.9
64969,Samuel Sanchez,LAD,SP,999.9
64812,Luis Mey,CIN,RP,999.9
9842,Tommy Pham,PIT,"LF,CF,RF",999.9
11432,Jhonathan Díaz,SEA,RP,999.9
60350,Jairo Iriarte,CWS,RP,999.9
9483,Wilmer Flores,SF,1B,999.9
63330,Zach Penrod,WSH,RP,999.9
60126,Luke Little,CHC,RP,999.9
61900,Garrett Acton,MIA,RP,999.9
11231,Ty France,SD,1B,999.9
10095,Max Kepler,PHI,"LF,RF",999.9
63214,Seth Halvorsen,COL,RP,999.9
11727,Blake Walston,AZ,RP,999.9
12686,Zack Kelly,BOS,"SP,RP",999.9
12095,Angel Zerpa,MIL,RP,999.9
11315,Cristian Javier,HOU,SP,999.9
11551,Mason Englert,TB,RP,999.9
63477,Brady Basso,ATH,RP,999.9
10513,Braxton Garrett,MIA,SP,999.9
12268,Kaleb Ort,LAA,RP,999.9
12423,Ty Madden,DET,RP,999.9
11227,JT Brubaker,SF,RP,999.9
12506,Grant Holman,AZ,RP,999.9
61718,Kody Funderburk,MIN,RP,999.9
11844,Seth Johnson,PHI,"SP,RP",999.9
12387,Caleb Kilian,SF,RP,999.9
12489,Dom Hamel,NYY,"SP,RP",999.9
12743,Yosver Zulueta,SEA,RP,999.9
12725,J.P. France,HOU,"SP,RP",999.9
12118,Slade Cecconi,CLE,SP,999.9
60292,Christian Scott,NYM,SP,999.9
63895,Sauryn Lao,WSH,RP,999.9
12076,Brandon Waddell,NYM,RP,999.9
12713,Jhony Brito,SD,RP,999.9
62326,Jack Neely,CHC,RP,999.9
61779,Luis Guerrero,TB,RP,999.9
9388,Ryan Brasier,TEX,RP,999.9
63552,Zach Maxwell,CIN,RP,999.9
60122,Porter Hodge,CHC,RP,999.9
63800,Hayden Harris,ATL,RP,999.9
11724,Drey Jameson,AZ,RP,999.9
63527,Tyler Owens,DET,RP,999.9
62451,Ty Adcock,SD,RP,999.9
60297,Drew Thorpe,CWS,SP,999.9
12768,Kevin Kelly,TB,RP,999.9
60410,Andre Granillo,WSH,RP,999.9
62903,Jake Bloss,TOR,SP,999.9
12724,Zak Kent,MIN,RP,999.9
12327,Ethan Roberts,CHC,RP,999.9
10941,Joey Lucchesi,SF,RP,999.9
10860,Alex Lange,KC,RP,999.9
60630,Jesse Scholtens,TB,"SP,RP",999.9
10178,Sam Moll,CIN,RP,999.9
9779,Héctor Neris,KC,RP,999.9
10293,Chad Green,TOR,RP,999.9
63548,Julian Aguiar,CIN,SP,999.9
61888,Victor Scott II,STL,CF,200.1
12256,Cooper Criswell,SEA,RP,999.9
12329,Josh Winckowski,TOR,RP,999.9
61324,Bailey Horn,DET,RP,999.9
63171,Philip Abner,AZ,RP,999.9
60438,Marc Church,TEX,RP,999.9
9358,Ryan Pressly,CHC,RP,999.9
64789,Yaramil Hiraldo,BAL,RP,999.9
11331,Tony Gonsolin,LAD,SP,999.9
63017,Brandon Sproat,MIL,SP,999.9
10894,Griffin Canning,SD,SP,999.9
12175,Kyle Harrison,MIL,"SP,RP",999.9
12422,Jackson Jobe,DET,"SP,RP",999.9
11354,Luis Medina,ATH,SP,999.9
63919,Paul Gervase,LAD,RP,999.9
60650,Landen Roupp,SF,SP,999.9
63714,Jayvien Sandridge,LAA,RP,999.9
12269,Jovani Morán,BOS,RP,999.9
61942,Hunter Stratton,ATL,RP,999.9
12453,Ky Bush,CWS,SP,999.9
63448,Michael Petersen,MIA,RP,999.9
11397,Matthew Liberatore,STL,SP,999.9
10322,Adam Frazier,LAA,"2B,LF,RF",999.9
9703,Anthony DeSclafani,AZ,"SP,RP",999.9
11608,José Urquidy,PIT,RP,999.9
11425,Mike Baumann,NYM,RP,999.9
63936,Blas Castano,SEA,"SP,RP",999.9
60381,Carson Whisenhunt,SF,SP,999.9
12702,Gavin Hollowell,CHC,RP,999.9
63483,Jose Corniell,TEX,SP,999.9
65952,Jonathan Pintaro,NYM,"SP,RP",999.9
11684,Kyle Hart,SD,"SP,RP",999.9
11480,Josiah Gray,WSH,SP,999.9
63309,Jake Eder,WSH,RP,999.9
65397,Paxton Schultz,WSH,RP,999.9
11518,Connor Seabold,TOR,RP,999.9
12631,Matt Gage,SF,RP,999.9
64011,Logan Evans,SEA,SP,999.9
12067,Justin Topa,MIN,RP,999.9
62601,Luis Curvelo,TEX,RP,999.9
12617,Davis Martin,CWS,SP,999.9
61336,Nolan Hoffman,PHI,"SP,RP",999.9
60553,Kyle Backhus,PHI,RP,999.9
60306,Richard Fitts,STL,SP,999.9
12705,Easton McGee,MIL,RP,999.9
62183,Eric Wagaman,MIN,"1B,LF",999.9
10336,José Leclerc,ATH,RP,999.9
12301,Alexis Díaz,TEX,RP,999.9
60566,Yilber Díaz,AZ,RP,999.9
10958,Ryan Borucki,CWS,RP,999.9
65106,Lazaro Estrada,TOR,"SP,RP",999.9
11782,JJ Bleday,CIN,"LF,CF,RF",999.9
12492,Josh Walker,BAL,RP,999.9
11969,Tommy Henry,AZ,RP,999.9
11478,Patrick Sandoval,BOS,SP,999.9
10556,Rhys Hoskins,CLE,1B,999.9
11626,Kevin Ginkel,AZ,RP,999.9
10620,Rowdy Tellez,TEX,1B,999.9
62570,Logan VanWey,HOU,RP,999.9
12620,Yerry De los Santos,NYY,RP,999.9
12182,Cole Henry,WSH,RP,999.9
8193,Max Scherzer,TOR,SP,999.9
60711,Brandon Eisert,CWS,"SP,RP",999.9
11044,Jonathan Loáisiga,AZ,RP,999.9
63454,Max Lazar,PHI,RP,999.9
10748,Victor Caratini,MIN,"C,1B",999.9
10370,Brent Suter,LAA,"SP,RP",999.9
9949,Michael Lorenzen (Pitcher),COL,"SP,RP",999.9
65104,Brad Lord,WSH,"SP,RP",999.9
9057,Liam Hendriks,MIN,RP,999.9
60647,Mason Black,KC,"SP,RP",999.9
9879,Luis Severino,ATH,SP,999.9
12452,Sam Bachman,LAA,RP,999.9
62062,Rolddy Muñoz,ATL,RP,999.9
12006,Cole Wilcox,SEA,RP,999.9
10594,Edmundo Sosa,PHI,"2B,3B,SS",999.9
60269,David Festa,MIN,SP,999.9
9903,Miguel Castro,LAA,RP,999.9
10882,Gregory Soto,PIT,RP,999.9
63987,Juan Burgos,AZ,RP,999.9
65995,Alex Carrillo,NYM,RP,999.9
60204,Andrew Hoffmann,AZ,RP,999.9
12614,Yennier Cano,BAL,RP,999.9
60392,Carson Seymour,SF,"SP,RP",999.9
12104,Bailey Falter,KC,SP,999.9
12737,Keaton Winn,SF,"SP,RP",999.9
60341,Kyle Nicolas,CIN,RP,999.9
11309,Kody Clemens,MIN,"1B,2B,LF,RF",999.9
10787,Tim Mayza,PHI,RP,999.9
11193,Joel Payamps,ATL,RP,999.9
60233,Nick Nastrini,LAD,"SP,RP",999.9
10566,Ke'Bryan Hayes,CIN,3B,999.9
10606,Ryne Stanek,STL,RP,999.9
61323,Cam Sanders,PIT,RP,999.9
11713,Yohan Ramírez,PIT,RP,999.9
64394,Payton Tolle,BOS,"SP,RP",999.9
10869,Aaron Civale,ATH,"SP,RP",999.9
9017,Wade Miley,CIN,SP,999.9
63247,Craig Yoho,MIL,RP,999.9
62138,Jacob Young,WSH,CF,999.9
10429,Ryan Mountcastle,BAL,1B,999.9
10889,Richard Lovelady,WSH,RP,999.9
9598,Rafael Montero,NYY,RP,999.9
9567,Jon Gray,TEX,RP,999.9
61285,Michel Otañez,TEX,RP,999.9
12403,Doug Nikhazy,CLE,RP,999.9
12628,Jason Alexander,HOU,"SP,RP",999.9
12604,Beau Brieske,DET,RP,999.9
64804,Eduarniel Núñez,ATH,RP,999.9
64030,Brandyn Garcia,AZ,RP,999.9
64865,Garrett McDaniels,LAD,RP,999.9
10678,Kyle Higashioka,TEX,C,999.9
61395,Matt Waldron,SD,SP,999.9
12370,Connor Norby,MIA,3B,999.9
60360,Alek Jacob,SD,RP,999.9
10970,Nestor Cortes,SD,SP,999.9
12247,Justin Bruihl,STL,RP,999.9
10072,Scott Alexander,SF,RP,999.9
63647,Grant Wolfram,BAL,RP,999.9
11955,Connor Brogdon,CLE,RP,999.9
65281,Drew Sommers,DET,RP,999.9
11267,Alek Thomas,AZ,CF,999.9
11968,Bryce Jarvis,AZ,RP,999.9
11165,Myles Straw,TOR,"LF,CF,RF",999.9
60536,Carlos Narváez,BOS,C,999.9
64896,Mitch Farris,LAA,SP,999.9
63428,Keider Montero,DET,"SP,RP",999.9
64815,Carson Ragsdale,BAL,"SP,RP",999.9
60260,Carlos Rodriguez,MIL,RP,999.9
12011,Logan O'Hoppe,LAA,C,195.3
12333,JP Sears,SD,SP,999.9
63627,Hayden Birdsong,SF,"SP,RP",999.9
11172,Dylan Moore,PHI,"1B,2B,3B,LF,RF",999.9
11471,Kyle Isbel,KC,CF,999.9
64367,Ryan Johnson,LAA,RP,999.9
9726,Miguel Rojas,LAD,"2B,3B,SS",999.9
10296,Mike Clevinger,PIT,RP,999.9
65272,Pierson Ohl,COL,"SP,RP",999.9
64978,Jonah Tong,NYM,SP,999.9
11236,Erik Swanson,TOR,RP,999.9
12728,Casey Legumina,SEA,RP,999.9
11239,Ramón Urías,STL,"2B,3B",999.9
62467,Juan Morillo,AZ,RP,999.9
11806,Yoendrys Gómez,TB,"SP,RP",999.9
12732,David Hamilton,MIL,"2B,SS",999.9
9851,Rob Refsnyder,SEA,"LF,CF,RF",999.9
12400,Angel Martínez,CLE,"2B,LF,CF",999.9
12500,Randy Vásquez,SD,SP,999.9
60188,Spencer Arrighetti,HOU,SP,999.9
12015,Max Meyer,MIA,SP,999.9
12158,J.T. Ginn,ATH,"SP,RP",999.9
7590,Justin Verlander,DET,SP,198.1
60514,Sammy Peralta,MIL,RP,999.9
12166,Mick Abel,MIN,SP,999.9
61764,Anthony Maldonado,HOU,RP,999.9
60134,Joe Boyle,TB,"SP,RP",999.9
11391,Nolan Gorman,STL,"2B,3B",999.9
12557,Heriberto Hernández,MIA,"LF,RF",999.9
11546,Michael Mercado,PHI,RP,999.9
62602,Troy Taylor,SEA,RP,999.9
11402,Eli White,ATL,"LF,CF,RF",999.9
12384,Jordan Wicks,CHC,"SP,RP",999.9
64895,Tomoyuki Sugano,COL,SP,999.9
11743,Christopher Morel,MIA,LF,999.9
10660,Jordan Montgomery,TEX,SP,999.9
60394,Gordon Graceffo,STL,RP,999.9
63484,Kai-Wei Teng,HOU,"SP,RP",999.9
11403,Owen White,CWS,"SP,RP",999.9
11444,Lyon Richardson,CIN,RP,999.9
60207,Mason Barnett,ATH,SP,999.9
10524,Mauricio Dubón,ATL,"2B,3B,SS,LF,CF",999.9
12418,Sean Burke,CWS,"SP,RP",999.9
61632,Allan Winans,NYY,SP,999.9
11524,Gabriel Arias,CLE,"2B,SS",999.9
64286,Zach Agnos,COL,RP,999.9
9350,T.J. McFarland,ATH,RP,999.9
12054,Patrick Bailey,SF,C,999.9
12049,Nick Gonzales,PIT,"2B,SS",999.9
9228,Jorge Soler,LAA,RF,999.9
10464,Will Benson,CIN,"LF,CF,RF",999.9
9987,Joe Ross,AZ,RP,999.9
12653,Alex Call,LAD,"LF,CF,RF",999.9
12059,John King,MIA,RP,999.9
12554,Taj Bradley,MIN,SP,999.9
62054,Sawyer Gipson-Long,DET,"SP,RP",999.9
12265,Ryan Feltner,COL,SP,999.9
10054,Scott McGough,ATH,RP,999.9
12635,Jake Bird,NYY,RP,999.9
10842,Pavin Smith,AZ,1B,999.9
60195,Colton Gordon,HOU,"SP,RP",999.9
9821,Kendall Graveman,AZ,RP,999.9
11448,Brayan Rocchio,CLE,"2B,SS",999.9
10989,Tanner Rainey,DET,RP,999.9
12752,Josh Simpson,SEA,RP,999.9
12758,Jared Triolo,PIT,"1B,2B,3B,SS",999.9
12569,Gunnar Hoglund,ATH,SP,999.9
62217,Dane Myers,CIN,"LF,CF,RF",999.9
11548,Colin Poche,NYM,RP,999.9
61681,Davis Schneider,TOR,"2B,LF",999.9
9931,José Ureña,LAA,"SP,RP",999.9
60412,Mason Montgomery,PIT,RP,999.9
60229,Victor Mederos,LAA,"SP,RP",999.9
10600,Jake Bauers,MIL,"1B,LF,RF",999.9
9875,Michael Conforto,CHC,LF,999.9
11253,Jordan Romano,LAA,RP,999.9
12362,Joey Estes,ATH,SP,999.9
10105,Kenta Maeda,DET,RP,999.9
10215,Tyler O'Neill,BAL,"LF,RF",999.9
12085,Bowden Francis,TOR,SP,999.9
63620,Sam Aldegheri,LAA,SP,999.9
9595,Dominic Smith,ATL,1B,999.9
61948,Daniel Schneemann,CLE,"2B,3B,SS,CF,RF",999.9
10469,Tyler Alexander,TEX,"SP,RP",999.9
60347,Adam Mazur,MIA,SP,999.9
11568,Jake Fraley,TB,"LF,RF",999.9
60280,Blade Tidwell,SF,"SP,RP",999.9
11988,Emerson Hancock,SEA,"SP,RP",999.9
60427,Kumar Rocker,TEX,SP,999.9
60217,Caden Dana,LAA,SP,999.9
12108,Zach Pop,PHI,RP,999.9
63663,Chris Roycroft,STL,RP,999.9
61613,Pedro Pagés,STL,C,999.9
11891,Taylor Walls,TB,SS,999.9
12291,Elvin Rodríguez,BAL,RP,999.9
11296,Bo Naylor,CLE,C,999.9
12745,Roddery Muñoz,HOU,RP,999.9
9637,Marcus Stroman,NYY,SP,999.9
11662,Jonah Heim,ATL,C,999.9
10756,Paul Blackburn,NYY,"SP,RP",999.9
9689,Randal Grichuk,NYY,"LF,RF",999.9
10711,John Brebbia,COL,RP,999.9
63544,Brooks Baldwin,CWS,"2B,3B,SS,LF,CF,RF",999.9
10027,Frankie Montas,NYM,SP,999.9
12544,Casey Schmitt,SF,"1B,2B,3B",999.9
60407,Ryan Loutos,SEA,RP,999.9
12763,Masataka Yoshida,BOS,LF,999.9
12616,Colin Holderman,CLE,RP,999.9
62194,Javier Sanoja,MIA,"2B,3B,SS,LF,CF",999.9
10195,Tyrone Taylor,NYM,"LF,CF,RF",999.9
8848,Jose Iglesias,SD,"2B,3B,SS",999.9
10960,Nate Pearson,HOU,RP,999.9
11860,Andry Lara,WSH,RP,999.9
12484,Chase Petty,CIN,SP,999.9
10898,Dustin May,STL,SP,999.9
12037,Bobby Miller,LAD,SP,999.9
60337,Thomas Harrington,PIT,"SP,RP",999.9
60139,Logan Allen,CLE,SP,999.9
64784,Orlando Ribalta,WSH,RP,999.9
63648,Liam Hicks,MIA,"C,1B",999.9
66363,McCade Brown,COL,SP,999.9
10959,Danny Jansen,TEX,C,999.9
12438,Chayce McDermott,BAL,"SP,RP",999.9
63499,Ryan Fernandez,STL,RP,999.9
12013,Freddy Fermin,SD,C,999.9
10233,Amed Rosario,NYY,"2B,3B",999.9
9900,Yoán Moncada,LAA,3B,999.9
11472,Blake Perkins,MIL,"LF,CF,RF",999.9
11237,Génesis Cabrera,PHI,RP,999.9
12024,Jordan Walker,STL,"LF,RF",999.9
63601,Zebby Matthews,MIN,SP,999.9
64814,Travis Adams,MIN,"SP,RP",999.9
9544,Lucas Sims,CWS,RP,999.9
12116,Ha-Seong Kim,ATL,"2B,SS",199.0
10311,Chris Stratton,LAD,RP,999.9
64787,Luis Peralta,COL,RP,999.9
11863,Jackson Rutledge,WSH,"SP,RP",999.9
12508,Johan Rojas,PHI,CF,999.9
11265,Jake McCarthy,COL,"LF,CF,RF",999.9
10929,Sean Murphy,ATL,C,999.9
9414,Joc Pederson,TEX,Util,999.9
61384,Mitch Spence,KC,"SP,RP",999.9
12457,Edgar Quero,CWS,C,999.9
10713,Paul DeJong,NYY,"2B,3B,SS",999.9
62487,Didier Fuentes,ATL,SP,999.9
11097,Joey Bart,PIT,C,999.9
60461,Zach Brzykcy,MIA,RP,999.9
12748,Ben Brown,CHC,"SP,RP",999.9
9754,Enrique Hernández,LAD,"1B,2B,3B,LF",999.9
63918,Ryan Gusto,MIA,"SP,RP",999.9
61346,Tyler Fitzgerald,SF,2B,999.9
11415,Blaze Alexander,BAL,"2B,3B",999.9
9173,Miles Mikolas,WSH,SP,999.9
11759,Michael Toglia,CIN,1B,999.9
12026,Austin Martin,MIN,"2B,LF,CF",999.9
10031,Tyler Anderson,LAA,SP,999.9
9321,Taijuan Walker,PHI,"SP,RP",999.9
10852,Tanner Houck,BOS,SP,999.9
11348,Luke Raley,SEA,"1B,LF,CF,RF",999.9
9168,Patrick Corbin,TEX,SP,999.9
64858,Hyeseong Kim,LAD,"2B,SS,CF",999.9
10498,Jahmai Jones,DET,"LF,CF,RF",999.9
64813,Brandon Young,BAL,SP,999.9
10076,Elias Díaz,KC,C,999.9
10227,Victor Robles,SEA,"LF,CF,RF",999.9
10144,Trevor Williams,WSH,SP,999.9
10463,Nolan Jones,CLE,"LF,CF,RF",999.9
10789,Mitch Garver,SEA,C,999.9
12657,Michael Massey,KC,"2B,LF",999.9
11075,Miguel Amaya,CHC,C,999.9
10607,Andy Ibáñez,ATH,"2B,3B",999.9
61637,Tyler Tolbert,KC,"LF,CF",999.9
11647,Sam Haggerty,TEX,"LF,CF",999.9
10608,Leody Taveras,BAL,"CF,RF",999.9
11871,Luis Matos,SF,"LF,CF,RF",999.9
12751,George Soriano,STL,RP,999.9
10899,Keibert Ruiz,WSH,C,999.9
11878,Luisangel Acuña,CWS,2B,999.9
63132,Ben Williamson,TB,3B,999.9
62004,Osvaldo Bido,NYY,"SP,RP",999.9
61262,David Fry,CLE,Util,999.9
64989,Otto Kemp,PHI,"1B,3B,LF",999.9
10775,Kyle Farmer,ATL,"1B,2B,3B,SS",999.9
11652,Tyler Heineman,TOR,C,999.9
60111,Christian Koss,SF,"2B,3B",999.9
10509,Walker Buehler,SD,SP,999.9
12210,Matt Vierling,DET,"LF,CF",999.9
11301,Ryan Rolison,CHC,RP,999.9
9586,Andrew Heaney,LAD,SP,999.9
9818,James McCann,AZ,C,999.9
60035,Anthony Molina,ATL,RP,999.9
8588,Justin Turner,CHC,"1B,3B",999.9
12372,Coby Mayo,BAL,1B,999.9
11045,Jose Trevino,CIN,C,999.9
10923,Thairo Estrada,BAL,2B,999.9
63561,Joey Loperfido,HOU,"LF,CF,RF",999.9
63288,Tanner Gordon,COL,SP,999.9
10505,Alex Verdugo,SD,"LF,RF",999.9
10575,Chris Paddack,MIA,"SP,RP",999.9
10570,Luis Urías,ATH,"2B,3B",999.9
9097,Gary Sánchez,MIL,C,999.9
11310,Parker Meadows,DET,CF,999.9
9561,Jesse Winker,NYM,"LF,RF",999.9
11238,Lane Thomas,KC,"CF,RF",999.9
9575,Lance McCullers Jr.,HOU,SP,999.9
60431,Thomas Saggese,STL,"2B,3B,SS",999.9
12580,Brady House,WSH,3B,999.9
61600,Andruw Monasterio,BOS,"1B,2B,3B,SS",999.9
9190,Donovan Solano,TEX,1B,999.9
11325,Jeremiah Jackson,BAL,"3B,RF",999.9
12494,Trey Sweeney,DET,SS,999.9
10426,Joey Wentz,ATL,"SP,RP",999.9
11033,Austin Wynns,ATH,C,999.9
11784,Kameron Misner,KC,"CF,RF",999.9
60658,Cade Povich,BAL,SP,999.9
10752,Ildemaro Vargas,AZ,"1B,2B",999.9
11785,Nasim Nuñez,WSH,"2B,SS",999.9
9866,Derek Hill,CWS,"LF,CF",999.9
60064,Tim Tawa,AZ,"1B,2B,LF,CF",999.9
12316,Richie Palacios,TB,LF,999.9
12558,Curtis Mead,CWS,"1B,2B,3B",999.9
62078,Max Schuemann,NYY,"2B,3B,SS,OF",999.9
12331,Oswaldo Cabrera,NYY,3B,999.9
60276,Michael Helman,TEX,CF,999.9
12120,Bryce Elder,ATL,SP,999.9
8185,Carlos Carrasco,ATL,SP,999.9
10230,Brendan Rodgers,BOS,2B,999.9
10669,Luis Torrens,NYM,C,999.9
12271,Nick Fortes,TB,C,999.9
9096,Travis d'Arnaud,LAA,C,999.9
9546,Eduardo Rodriguez,AZ,SP,999.9
12318,José Tena,WSH,"2B,3B",999.9
11886,Ezequiel Duran,TEX,"1B,2B,3B,SS,LF",999.9
60311,Colby Thomas,ATH,"LF,CF,RF",999.9
10239,Jorge Mateo,ATL,"2B,SS,CF",999.9
12726,Jonny DeLuca,TB,"LF,CF,RF",999.9
11326,Leo Rivas,SEA,"2B,SS",999.9
12656,Nate Eaton,BOS,"3B,CF,RF",999.9
60159,Jonathan Cannon,CWS,"SP,RP",999.9
9991,Gio Urshela,MIN,3B,999.9
12503,Zack Gelof,ATH,2B,999.9
63128,Kristian Campbell,BOS,"2B,CF",999.9
11483,Connor Wong,BOS,C,999.9
12704,Miles Mastrobuoni,SEA,"2B,3B,LF,RF",999.9
60152,Carson Palmquist,COL,"SP,RP",999.9
10719,Austin Slater,DET,"LF,CF,RF",999.9
12488,Carlos Cortes,ATH,"LF,RF",999.9
60595,Weston Wilson,BAL,"2B,LF",999.9
63478,Angel Chivilli,NYY,RP,999.9
12499,Brandon Lockridge,MIL,"LF,CF,RF",999.9
12359,Adrian Del Castillo,AZ,C,999.9
12664,Bryce Johnson,SD,"LF,CF,RF",999.9
62758,CJ Kayfus,CLE,"1B,LF,RF",999.9
60154,Ryan Ritter,COL,"2B,SS",999.9
60622,Troy Johnston,COL,"1B,LF,RF",999.9
12501,Max Muncy,ATH,"2B,3B,SS",999.9
11272,Drew Waters,KC,"LF,CF,RF",999.9
11984,Robert Hassell III,WSH,"CF,RF",999.9
11776,Kyren Paris,LAA,"2B,CF",999.9
11359,Nick Allen,HOU,SS,999.9
10947,Jordan Hicks,CWS,"SP,RP",999.9
11351,Ronny Mauricio,NYM,"2B,3B",999.9
10900,Jake Rogers,DET,C,999.9
12721,Warming Bernabel,WSH,1B,999.9
12619,Dairon Blanco,KC,"LF,CF,RF",999.9
60580,Cole Young,SEA,2B,999.9
64361,Christian Moore,LAA,2B,999.9
11997,Riley Adams,WSH,C,999.9
12250,Yohel Pozo,STL,C,999.9
11395,Vidal Bruján,NYM,"3B,SS,OF",999.9
60173,Justyn-Henry Malloy,TB,"LF,RF",999.9
60091,Dylan Beavers,BAL,"LF,RF",999.9
60131,Christian Encarnacion-Strand,CIN,"1B,3B",999.9
12504,Denzel Clarke,ATH,CF,999.9
60638,Darell Hernaiz,ATH,"2B,3B,SS",999.9
62488,Zach Dezenzo,HOU,"LF,RF",999.9
61619,John Rave,KC,"LF,CF,RF",999.9
62421,Zach Cole,HOU,"LF,CF,RF",999.9
12236,Bryan De La Cruz,PHI,LF,999.9
11767,Korey Lee,CWS,C,999.9
60891,Nick Sogard,BOS,"1B,2B",999.9
11555,Griffin Conine,MIA,"LF,RF",999.9
12152,Garrett Mitchell,MIL,"CF,RF",999.9
12144,Nick Loftin,KC,"2B,3B,LF",999.9
11169,Jon Berti,CHC,"2B,3B",999.9
9863,Kyle Freeland,COL,SP,999.9
60120,Moisés Ballesteros,CHC,C,999.9
12313,Jhonkensy Noel,BAL,"1B,RF",999.9
12591,Andre Pallante,STL,SP,999.9
12121,Heston Kjerstad,BAL,"LF,RF",999.9
60232,Dalton Rushing,LAD,C,999.9
9898,Mark Canha,TEX,"LF,RF",999.9
63624,Graham Pauley,MIA,3B,999.9
12375,Marcelo Mayer,BOS,"2B,3B",194.5
8621,Jason Heyward,SD,"LF,RF",999.9
9871,Orlando Arcia,MIN,"1B,2B,3B,SS",999.9
9771,Chris Taylor,LAA,"2B,LF,CF,RF",999.9
12729,Edouard Julien,COL,"1B,2B",999.9
61591,Cody Freeman,TEX,2B,999.9
9885,Alex Jackson,MIN,C,999.9
11174,LaMonte Wade Jr.,CWS,"1B,RF",999.9
11279,Triston Casas,BOS,1B,999.9
60436,Alejandro Osuna,TEX,"LF,CF,RF",999.9
10229,Erick Fedde,CWS,"SP,RP",999.9
12587,Drew Millas,WSH,C,999.9
12711,Enmanuel Valdez,PIT,1B,999.9
12097,Oswald Peraza,LAA,"1B,2B,3B,SS",999.9
62057,Nacho Alvarez Jr.,ATL,3B,999.9
12735,Brett Wisely,ATL,2B,999.9
61593,Blaine Crim,COL,1B,999.9
10866,Taylor Trammell,HOU,"LF,CF",999.9
11293,Michael Siani,LAD,CF,999.9
9858,Manuel Margot,DET,"LF,CF,RF",999.9
60890,Ryan Fitzgerald,LAD,SS,999.9
12342,Jack Suwinski,LAD,"LF,CF,RF",999.9
60000,Jonatan Clase,TOR,"LF,CF",999.9
60312,Brett Harris,ATH,3B,999.9
12710,José Fermín,STL,2B,999.9
11737,Matthew Lugo,LAA,"LF,CF",999.9
61682,Will Wagner,SD,"1B,3B",999.9
10203,Tyler Wade,TEX,"2B,LF,CF",999.9
60149,Yanquiel Fernández,NYY,RF,999.9
12589,Joey Wiemer,WSH,"LF,CF,RF",999.9
62831,Kyle Karros,COL,3B,999.9
12777,Matt Mervis,WSH,1B,999.9
11783,Jerar Encarnacion,SF,RF,999.9
12585,Mitchell Parker,WSH,SP,999.9
9762,Christian Vázquez,HOU,C,999.9
11813,Rafael Marchán,PHI,C,999.9
60687,Braxton Fulford,COL,C,999.9
10050,Travis Jankowski,NYM,"LF,CF,RF",999.9
12556,Carson Williams,TB,SS,999.9
9889,Hunter Renfroe,KC,RF,999.9
12703,Will Brennan,SF,"LF,CF,RF",999.9
60183,Drew Gilbert,SF,"CF,RF",999.9
12123,Nick Yorke,PIT,2B,999.9
62975,Chase Dollander,COL,SP,999.9
61559,Bryce Teodosio,LAA,CF,999.9
61782,Tristan Gray,MIN,"2B,SS",999.9
62798,Brice Matthews,HOU,2B,999.9
11378,Esteury Ruiz,MIA,"LF,CF",999.9
10829,Tomás Nido,DET,C,999.9
10873,Garrett Hampson,CIN,"2B,LF,CF",999.9
12514,Henry Davis,PIT,C,999.9
10068,Luke Maile,KC,C,999.9
61697,Ronny Simon,PIT,"2B,LF",999.9
11086,Cavan Biggio,HOU,"1B,RF",999.9
11848,Maximo Acosta,MIA,SS,999.9
61828,Johnathan Rodríguez,CLE,RF,999.9
11560,Jake Irvin,WSH,SP,999.9
60467,Alan Roden,MIN,"LF,RF",999.9
11392,Andrew Knizner,SEA,C,999.9
11298,George Valera,CLE,"LF,RF",999.9
60184,Jacob Melton,TB,"LF,CF",999.9
61785,Mickey Gasper,BOS,C,999.9
10439,Eloy Jiménez,TOR,RF,999.9
12700,Jared Young,NYM,"1B,LF",999.9
12066,Willie MacIver,TEX,C,999.9
12358,Ryan Bliss,SEA,2B,999.9
61887,Nathan Church,STL,"LF,CF,RF",999.9
60581,Tyler Locklear,AZ,1B,999.9
60671,J.C. Escarra,NYY,C,999.9
12339,James Outman,MIN,"LF,CF,RF",999.9
60246,Victor Mesa Jr.,TB,RF,999.9
9530,Christian Bethancourt,CHC,C,999.9
62315,Blake Dunn,CIN,"LF,RF",999.9
11006,Austin Gomber,TEX,SP,999.9
62354,Alex Freeland,LAD,"3B,SS",999.9
9971,Austin Barnes,NYM,C,999.9
10573,Cal Quantrill,TEX,SP,999.9
11748,Rece Hinds,CIN,RF,999.9
10891,MJ Melendez,NYM,LF,999.9
10533,Ben Rortvedt,NYM,C,999.9
12567,Dustin Harris,CWS,LF,999.9
11527,Luis Campusano,SD,C,999.9
11818,Ji Hwan Bae,NYM,"CF,RF",999.9
12355,Jordan Lawlar,AZ,3B,999.9
10478,Garrett Stubbs,PHI,C,999.9
9106,Anthony Rendon,LAA,3B,999.9
61382,Andrés Chaparro,WSH,1B,999.9
11508,Everson Pereira,CWS,"LF,CF",999.9
11802,Kevin Alcantara,CHC,RF,999.9
11437,Jhonny Pereda,SEA,C,999.9
12127,Owen Caissie,MIA,"CF,RF",999.9
11356,Anthony Seigler,BOS,3B,999.9
11321,Nicky Lopez,COL,3B,999.9
62430,Billy Cook,PIT,CF,999.9
12404,Petey Halpin,CLE,CF,999.9
9897,Tim Anderson,LAA,"2B,SS",999.9
60770,Mason McCoy,SD,SS,999.9
12417,Bryan Ramos,BAL,3B,999.9
9336,Austin Hedges,CLE,C,999.9
12454,Denzer Guzman,LAA,"3B,SS",999.9
10318,Jacob Stallings,BAL,C,999.9
60380,Grant McCray,SF,"LF,CF,RF",999.9
61796,César Salazar,HOU,C,999.9
12478,Tyler Black,MIL,1B,999.9
61812,Steward Berroa,MIL,"CF,RF",999.9
12668,Cal Stevenson,DET,CF,999.9
11558,Leo Jiménez,TOR,2B,999.9
62192,Rhylan Thomas,SEA,LF,999.9
12341,Jorbit Vivas,NYY,"2B,3B",999.9
11388,Marco Luciano,NYY,"2B,SS",999.9
12431,Gage Workman,DET,"3B,SS,LF,CF,RF",999.9
12361,Vaughn Grissom,LAA,2B,999.9
11810,Logan Davidson,TB,"1B,3B",999.9
12532,Harry Ford,WSH,C,999.9
60883,Justin Dean,CHC,CF,999.9
12749,Jorge Barrosa,AZ,"LF,CF",999.9
61258,Hayden Senger,NYM,C,999.9
11729,Braden Shewmake,NYY,"2B,3B,SS",999.9
60170,Jace Jung,DET,3B,999.9
11407,Orelvis Martinez,WSH,"2B,3B",999.9
63304,Estuar Suero,PIT,"LF,CF,RF",999.9
63532,Yoeilin Cespedes,BOS,"2B,SS",999.9
64376,Blake Burke,MIL,1B,999.9
62793,Max Anderson,DET,"2B,3B",999.9
65746,Xavier Neyens,HOU,SS,999.9
64285,Pedro Ramirez,CHC,"2B,3B",999.9
65225,Mani Cedeno,NYY,SS,999.9
60201,Cayden Wallace,WSH,"2B,3B",999.9
65000,Bo Davidson,SF,OF,999.9
64704,Brendan Tunink,LAD,OF,999.9
60143,Angel Genao,CLE,"2B,3B,SS",999.9
65856,Tim Piasentin,TOR,3B,999.9
65008,Yolfran Castillo,TEX,"3B,SS",999.9
62998,Chase Davis,STL,OF,999.9
64344,Wyatt Sanford,PIT,"2B,SS",999.9
64447,Cole Messina,COL,C,999.9
65773,Dean Moss,TB,OF,999.9
63609,Jared Serna,MIA,"2B,SS",999.9
62943,Jace Bohrofen,TOR,"LF,CF,RF",999.9
62944,Kendall George,LAD,OF,999.9
65741,Sean Gamble,KC,OF,999.9
64908,Jancel Villarroel,SF,"C,OF",999.9
60106,Miguel Bleis,BOS,OF,999.9
60296,Roderick Arias,NYY,"3B,SS",999.9
64427,Jared Jones,PIT,1B,999.9
64536,Carter Mathison,PHI,RF,999.9
63546,Héctor Rodríguez,CIN,"LF,RF",999.9
12164,Junior Perez,ATH,"LF,CF,RF",999.9
65780,Charles Davalan,LAD,OF,999.9
60243,Ryan Ward,LAD,"1B,LF,RF",999.9
62187,Leo Balcazar,CIN,"2B,SS",999.9
64310,Charlie Condon,COL,"1B,OF",999.9
64311,Travis Bazzana,CLE,2B,999.9
12543,Aeverson Arteaga,SF,SS,999.9
60271,Yasser Mercedes,MIN,"CF,RF",999.9
62974,Max Clark,DET,CF,999.9
63021,Ryan Lasko,ATH,"CF,RF",999.9
64921,Yassel Soler,AZ,3B,999.9
64979,Daiverson Gutierrez,NYM,C,999.9
64324,Billy Amick,MIN,"1B,3B",999.9
65326,Braedon Karpathios,SD,OF,999.9
66396,Enyervert Perez,AZ,"1B,3B",999.9
64934,Eli Lovich,CHC,OF,999.9
64968,Ching-Hsien Ko,LAD,OF,999.9
63654,Nelson Rada,LAA,OF,999.9
63060,Sabin Ceballos,SF,3B,999.9
60241,Logan Wagner,LAD,"2B,3B",999.9
65734,JoJo Parker,TOR,SS,999.9
60185,Ryan Clifford,NYM,"1B,OF",999.9
65019,Eli Serrano III,NYM,OF,999.9
64432,Kale Fountain,SD,"1B,3B",999.9
65743,Devin Taylor,ATH,"LF,RF",999.9
63617,Raylin Heredia,PHI,OF,999.9
66003,Kaeden Kent,NYY,SS,999.9
62109,Jesus Lopez,TEX,C,999.9
66422,Gabriel Davalillo,LAA,C,999.9
63632,Brailer Guerrero,TB,OF,999.9
65725,Aiva Arquette,MIA,SS,999.9
60375,Victor Labrada,SEA,OF,999.9
60308,Daniel Susac,SF,C,999.9
64415,Austin Overn,TB,OF,999.9
12534,Edwin Arroyo,CIN,"2B,SS",999.9
65009,Braylin Morel,TEX,OF,999.9
64742,Caden Powell,HOU,"3B,SS",999.9
64982,Francisco Vilorio,NYY,OF,999.9
63101,Dean Curley,CLE,SS,999.9
64360,Jared Thomas,COL,OF,999.9
63242,Brett Bateman,CHC,CF,999.9
60725,Tony Blanco Jr.,PIT,1B,999.9
65726,Billy Carlson,CWS,SS,999.9
63129,A.J. Ewing,NYM,"2B,OF",999.9
66430,Brailyn Antunez,MIL,OF,999.9
64446,Robert Hipwell,SF,"1B,3B",999.9
65157,Kevin Hidalgo,COL,"3B,SS",999.9
63553,Welbyn Francisca,CLE,SS,999.9
63148,Brock Rodden,SEA,"2B,3B,SS",999.9
12734,Juan Brito,CLE,"1B,2B",999.9
63570,Felix Morrobel,LAA,"2B,SS",999.9
65018,Naibel Mariano,CIN,"3B,SS",999.9
62316,Carlos Jorge,CIN,CF,999.9
63579,Joendry Vargas,LAD,SS,999.9
63002,Cole Carrigg,COL,OF,999.9
9603,Tyler Austin,CHC,1B,999.9
60414,Xavier Isaac,TB,Util,999.9
66460,Brayan Cortesia,WSH,SS,999.9
65968,Kade Snell,CHC,OF,999.9
63914,Wilson Rodriguez,NYY,OF,999.9
65750,Gavin Fien,WSH,SS,999.9
65761,Josh Hammond,KC,3B,999.9
63538,Jefferson Rojas,CHC,SS,999.9
12406,Benny Montgomery,COL,"CF,RF",999.9
63215,Avery Owusu-Asiedu,AZ,"LF,CF",999.9
66082,Core Jackson,NYY,"2B,SS",999.9
64349,Carter Johnson,MIA,"2B,SS",999.9
63025,Homer Bush Jr.,TB,OF,999.9
65818,Easton Carmichael,PIT,C,999.9
65842,Murf Gray,PIT,3B,999.9
65776,Brady Ebel,MIL,SS,999.9
10550,Richie Martin,TEX,"3B,SS",999.9
64332,Vance Honeycutt,BAL,"LF,CF",999.9
65989,Blaine Bullard,TOR,OF,999.9
63290,Jhonny Severino,PIT,"2B,3B",999.9
63589,Andres Valor,MIA,RF,999.9
66008,James Quinn-Irons,TB,OF,999.9
65672,Dauri Fernandez,CLE,"2B,SS",999.9
12530,Brandon Valenzuela,TOR,"C,1B",999.9
64549,Devin Fitz-Gerald,WSH,Util,999.9
64924,Alberto Barriga,AZ,C,999.9
62629,Omar Alfonzo,PIT,"C,1B",999.9
64322,Seaver King,WSH,SS,999.9
62804,Roc Riggio,COL,2B,999.9
62225,Ethan Salas,SD,C,999.9
64377,Peyton Stovall,CIN,"1B,2B",999.9
64999,Jose Ortiz,SF,"CF,RF",999.9
65276,John Gil,ATL,SS,999.9
62994,Adrian Santana,TB,SS,999.9
62071,Gavin Conticello,AZ,"CF,RF",999.9
63011,Eric Bitonti,MIL,1B,999.9
60309,Henry Bolte,ATH,RF,999.9
63545,Alfredo Duno,CIN,C,999.9
64953,Robert Arias,CLE,OF,999.9
65876,Elian Peña,NYM,SS,999.9
63115,Andrew Pinckney,WSH,OF,999.9
60283,Nick Morabito,NYM,CF,999.9
62892,Zach Levenson,STL,"LF,CF,RF",999.9
64314,Braden Montgomery,CWS,OF,999.9
65901,Ryan Wideman,SD,OF,999.9
64150,Esmerlyn Valdez,PIT,"1B,LF,RF",999.9
62947,Tai Peete,STL,OF,999.9
63526,Luis Guanipa,ATL,OF,999.9
65721,Ethan Holliday,COL,SS,999.9
62882,Cooper Ingle,CLE,C,999.9
63003,Maui Ahuna,SF,SS,999.9
60357,Lamar King Jr.,SD,"C,1B",999.9
63580,Thayron Liranzo,DET,C,999.9
66435,Deivid Coronil,SD,"3B,SS",999.9
63528,Luis Almeyda,BAL,"3B,SS",999.9
12548,Joshua Baez,STL,"LF,CF,RF",999.9
64276,Keaton Anthony,PHI,1B,999.9
60110,Cutter Coffey,TOR,"2B,3B",999.9
60729,Brennan Milone,ATH,1B,999.9
65537,Lucas Spence,HOU,OF,999.9
64437,Chase Harlan,LAD,3B,999.9
63560,Luis Baez,HOU,OF,999.9
12000,Brayan Buelvas,ATH,"LF,CF,RF",999.9
66412,Jude Warwick,DET,"2B,SS",999.9
66400,Enddy Azocar,BOS,OF,999.9
65795,Korbyn Dickerson,SEA,OF,999.9
60083,David McCabe,ATL,"1B,3B",999.9
64897,Jesús Made,MIL,"2B,3B,SS",999.9
65502,Wilfri De La Cruz,BAL,SS,999.9
65786,Henry Godbout,BOS,2B,999.9
12485,Noah Miller,LAD,SS,999.9
60043,Jaison Chourio,CLE,CF,999.9
65759,Cam Cannarella,MIA,OF,999.9
63600,Ricardo Olivar,MIN,"C,OF",999.9
11493,Carlos Rodríguez,SD,OF,999.9
64424,JD Dix,AZ,2B,999.9
62342,Luke Adams,MIL,"1B,3B",999.9
62476,Austin Gauthier,LAD,2B,999.9
64441,John Spikerman,PHI,OF,999.9
60403,Leonardo Bernal,STL,C,999.9
64390,Gage Miller,MIA,"2B,3B",999.9
64399,Carson DeMartini,PHI,"3B,SS",999.9
65906,Aaron Walton,CLE,OF,999.9
63626,Rayner Arias,SF,OF,999.9
62797,Matthew Etzel,MIA,OF,999.9
64950,Angel Cepeda,CHC,"2B,3B,SS",999.9
65056,Josuar Gonzalez,SF,SS,999.9
60294,Spencer Jones,NYY,CF,999.9
12124,Blaze Jordan,STL,"1B,3B",999.9
65824,Nick Dumesnil,DET,OF,999.9
64358,Dante Nori,PHI,OF,999.9
62945,LuJames Groover,AZ,3B,999.9
63571,Juan Flores,LAA,C,999.9
63569,Dario Laverde,LAA,C,999.9
60055,Druw Jones,AZ,"CF,RF",999.9
65501,Dorian Soto,BOS,SS,999.9
64494,Khadim Diaw,MIN,"C,OF",999.9
12577,Dasan Brown,MIL,"LF,CF",999.9
64319,Bryce Rainer,DET,SS,999.9
64323,Caleb Lomavita,WSH,C,999.9
64987,Aroon Escobar,PHI,"2B,3B",999.9
63537,Franklin Arias,BOS,SS,999.9
60075,Diego Benitez,ATL,"1B,3B",999.9
62954,Colt Emerson,SEA,SS,999.9
65749,Max Belyeu,COL,OF,999.9
63621,Bryan Rincon,PHI,SS,999.9
65756,Andrew Fischer,MIL,3B,999.9
66438,Jhoan De La Cruz,SD,"2B,SS",999.9
64063,Jose Fernandez,AZ,SS,999.9
64373,Kavares Tears,SD,OF,999.9
63535,Johanfran Garcia,BOS,C,999.9
60661,Braylin Tavera,BAL,"LF,CF,RF",999.9
65926,Cam Maldonado,SF,OF,999.9
62985,Tommy Troy,AZ,2B,999.9
63000,Cooper Pratt,MIL,SS,999.9
62368,Creed Willems,BAL,"C,1B",999.9
65774,Alex Lodise,ATL,SS,999.9
66457,Juan Sanchez,TOR,"3B,SS",999.9
64504,Casey Cook,TEX,"2B,SS",999.9
64973,Eduardo Beltre,MIN,"CF,RF",999.9
65740,Ike Irish,BAL,"C,1B,OF",999.9
62552,Gregory Barrios,TB,SS,999.9
65488,Diego Tornes,ATL,CF,999.9
62904,Kehden Hettiger,PHI,"C,1B",999.9
64445,Casey Saucke,CWS,Util,999.9
60113,Brooks Brannon,BOS,"C,1B",999.9
65751,Quentin Young,MIN,SS,999.9
64994,Romeo Sanabria,SD,1B,999.9
63593,Yophery Rodriguez,BOS,OF,999.9
62991,Brayden Taylor,TB,"2B,3B",999.9
64100,Jeral Perez,CWS,"2B,SS",999.9
60274,Danny De Andrade,MIN,"2B,3B,SS",999.9
62961,Aidan Miller,PHI,SS,999.9
63576,Josue De Paula,LAD,OF,999.9
62795,John Peck,DET,"2B,3B,SS",999.9
65313,Chris Suero,NYM,"C,1B,OF",999.9
62978,Arjun Nimmala,TOR,SS,999.9
63629,Felnin Celesten,SEA,SS,999.9
12389,Yohendrick Pinango,TOR,OF,999.9
63575,Anthony Scull,LAA,"LF,CF",999.9
64404,Griffin Burkholder,PHI,OF,999.9
64967,Eduardo Quintero,LAD,OF,999.9
1000005,Michael Lorenzen (Batter),COL,CF,999.9
60109,Eddinson Paulino,TOR,"2B,SS",999.9
60334,Caleb Ricketts,PHI,C,999.9
65733,Steele Hall,CIN,SS,999.9
64981,Yovanny Rodriguez,NYM,C,999.9
60428,Anthony Gutierrez,TEX,OF,999.9
60200,Gavin Cross,KC,OF,999.9
61813,Jesus Rodriguez,SF,C,999.9
64340,Kaelen Culpepper,MIN,SS,999.9
64533,Sam Antonacci,CWS,"2B,3B",999.9
64552,Zach Ehrhard,LAD,OF,999.9
65007,Paulino Santana,TEX,OF,999.9
64348,Jacob Cozart,CLE,C,999.9
12383,Cristian Hernandez,MIA,"2B,SS",999.9
65505,Javier Mogollon,CWS,"2B,SS",999.9
65742,Brendan Summerhill,TB,OF,999.9
60559,Andrew Pintar,MIA,"CF,RF",999.9
62908,Dylan Campbell,PHI,OF,999.9
64936,Stiven Martinez,BAL,"CF,RF",999.9
12424,Izaac Pacheco,DET,3B,999.9
63206,Nate Nankil,ATH,"LF,CF,RF",999.9
64740,DJ Layton,BAL,"2B,SS",999.9
63606,Brando Mayea,NYY,OF,999.9
64094,Rubel Cespedes,MIN,"1B,3B",999.9
64507,Ryan Campos,STL,C,999.9
66407,Liberts Aponte,CIN,SS,999.9
65840,Gustavo Melendez,PIT,SS,999.9
66446,Yorger Bautista,SEA,OF,999.9
64341,Malcolm Moore,TEX,C,999.9
65745,Slater de Brun,TB,OF,999.9
65790,Kyle Lodise,CWS,SS,999.9
63219,Yahil Melendez,CHC,"3B,SS",999.9
65815,Nolan Schubart,CLE,OF,999.9
65760,Brandon Compton,MIA,OF,999.9
12455,Adrian Placencia,LAA,2B,999.9
62910,TJayy Walton,PHI,OF,999.9
66026,Nick Monistere,HOU,"3B,SS",999.9
63004,Jonny Farmelo,SEA,OF,999.9
62070,Diego Velasquez,SF,2B,999.9
65784,Jaden Fauske,CWS,OF,999.9
60396,Jonathan Mejia,STL,"2B,SS",999.9
65736,Gavin Kilen,SF,"2B,SS",999.9
65794,Dax Kilby,NYY,SS,999.9
65838,Tanner Thach,COL,1B,999.9
63633,Sebastian Walcott,TEX,"3B,SS",999.9
62384,Rafael Ramirez Jr.,WSH,2B,999.9
64542,Sean Keys,TOR,"1B,3B",999.9
64378,Ethan Anderson,BAL,"C,1B",999.9
63035,Alex Mooney,CLE,"2B,3B,SS",999.9
60146,Sterlin Thompson,COL,"1B,LF",999.9
64898,Luis Peña,MIL,"2B,3B,SS",999.9
65809,Taitn Gray,TB,C,999.9
12388,Kevin Made,WSH,"2B,SS",999.9
64919,Adriel Radney,AZ,RF,999.9
60550,Ivan Melendez,AZ,1B,999.9
64328,Slade Caldwell,AZ,"LF,CF",999.9
60141,Jake Fox,CLE,CF,999.9
64425,Cole Mathis,CHC,3B,999.9
64939,Joshua Liranzo,BAL,"1B,3B,SS",999.9
60206,Austin Charles,KC,"3B,SS",999.9
66447,Kendry Martinez,SEA,"2B,SS",999.9
62962,Walker Jenkins,MIN,OF,999.9
64137,Victor Arias,TOR,OF,999.9
66424,Marlon Quintero,LAA,C,999.9
60432,Gleider Figuereo,TEX,3B,999.9
66000,Trevor Cohen,SF,OF,999.9
12467,Kahlil Watson,CLE,"LF,CF,RF",999.9
12450,Daniel Vazquez,KC,SS,999.9
64357,Kevin Bazzell,WSH,C,999.9
64958,Nestor Miranda,DET,Util,999.9
60660,Aron Estrada,BAL,"2B,OF",999.9
64479,Ryan Waldschmidt,AZ,"LF,CF,RF",999.9
63203,Sam Shaw,TOR,"2B,OF",999.9
64480,Luke Dickerson,WSH,"2B,SS",999.9
12477,Jeferson Quero,MIL,C,999.9
60251,Ronald Hernandez,NYM,"C,1B",999.9
66434,Darell Morel,PIT,SS,999.9
64963,Asbel Gonzalez,KC,OF,999.9
12433,Trei Cruz,DET,"SS,LF,CF",999.9
65893,Josh Owens,TEX,SS,999.9
60164,Ryan Burrowes,CWS,"2B,3B,SS",999.9
65907,Antonio Jimenez,NYM,SS,999.9
63164,Jared Sundstrom,SEA,OF,999.9
64435,Joshua Kuroda-Grauer,ATH,SS,999.9
65013,Angel Feliz,WSH,"2B,SS",999.9
65732,Marek Houston,MIN,SS,999.9
60221,Randy De Jesus,LAA,OF,999.9
60405,Won-Bin Cho,STL,"CF,RF",999.9
66420,Moises Marchán,KC,C,999.9
65070,Arnoldo Lantigua,CIN,OF,999.9
62982,Jacob Gonzalez,CWS,"2B,SS",999.9
66406,Marcelo Alcala,CWS,CF,999.9
65955,Isaiah Jackson,BOS,OF,999.9
65012,Victor Hurtado,WSH,LF,999.9
65364,Brendan Jones,MIA,OF,999.9
63556,Robert Calaz,COL,OF,999.9
63267,Sammy Hernandez,STL,"C,1B",999.9
65020,James Tibbs III,LAD,OF,999.9
65500,Justin Gonzales,BOS,OF,999.9
60539,Cristhian Vaquero,WSH,OF,999.9
65084,Edgar Montero,ATH,SS,999.9
64974,Dameury Pena,MIN,"2B,LF",999.9
66418,Warren Calcaño,KC,SS,999.9
65793,Gavin Turley,ATH,RF,999.9
63594,Filippo Di Turi,MIL,"2B,3B,SS",999.9
63615,Starlyn Caba,MIA,"2B,SS",999.9
65771,Ryan Mitchell,STL,OF,999.9
63628,Onil Perez,SF,C,999.9
60368,Lazaro Montes,SEA,OF,999.9
66425,Andrew Salas,MIA,"2B,SS,OF",999.9
64359,PJ Morlando,MIA,OF,999.9
62121,Cristofer Torin,AZ,"2B,SS",999.9
64990,Alirio Ferrebus,PHI,"C,1B",999.9
62545,Enmanuel Bonilla,TOR,"LF,CF",999.9
64923,Demetrio Crisantes,AZ,"2B,3B",999.9
65748,Ethan Conrad,CHC,OF,999.9
10914,Lewin Díaz,WSH,1B,999.9
60749,Javi Vaz,KC,"2B,OF",999.9
65757,Ethan Petry,WSH,OF,999.9
66444,Carlos Gutierrez,SF,OF,999.9
63310,Jeremy Rodriguez,NYM,"2B,3B,SS",999.9
64335,Theo Gillen,TB,OF,999.9
65554,Deniel Ortiz,STL,"1B,3B",999.9
64347,Griff O'Ferrall,BAL,"2B,SS",999.9
65050,Shotaro Morii,ATH,SS,999.9
64551,Ivan Luciano,AZ,C,999.9
61678,Kala'i Rosario,MIN,OF,999.9
65998,Jake Cook,TOR,OF,999.9
66401,Jorge Rodriguez,BOS,C,999.9
64902,Joswa Lugo,LAA,SS,999.9
60278,Kevin Parada,NYM,C,999.9
64628,Cobb Hightower,BAL,"2B,SS",999.9
65785,Daniel Dickinson,MIL,"2B,SS",999.9
65583,Maxton Martin,TEX,OF,999.9
62941,Aidan Smith,TB,OF,999.9
64525,Nick Montgomery,ATL,C,999.9
60727,Yordany De Los Santos,PIT,"2B,3B,SS",999.9
63009,Myles Naylor,ATH,3B,999.9
65890,Luke Hill,CLE,3B,999.9
64986,Engelth Urena,NYY,C,999.9
62852,Nehomar Ochoa Jr.,HOU,OF,999.9
65887,Mitch Voit,NYM,2B,999.9
64151,Alejandro Nunez,HOU,"2B,3B,SS",999.9
65811,Kane Kepley,CHC,OF,999.9
64916,Rainiel Rodriguez,STL,C,999.9
65984,Jase Mitchell,HOU,C,999.9
63253,Jaron Elkins,LAD,OF,999.9
62244,Allan Castro,BOS,OF,999.9
61691,Ben Cowles,CHC,"2B,3B,SS",999.9
60655,Marco Vargas,NYM,"2B,SS",999.9
66419,Ramcell Medina,KC,SS,999.9
65724,Eli Willits,WSH,SS,999.9
66461,Daniel Hernandez,WSH,C,999.9
62988,Brock Wilken,MIL,3B,999.9
64959,Yandel Ricardo,KC,SS,999.9
64101,Leo De Vries,ATH,SS,999.9
12528,Samuel Zavala,CWS,OF,999.9
63641,Zyhir Hope,LAD,OF,999.9
65017,Adolfo Sanchez,CIN,OF,999.9
63634,Abimelec Ortiz,WSH,"1B,OF",999.9
62061,Matt Koperniak,STL,LF,999.9
64568,Nathan Flewelling,TB,C,999.9
60240,Rayne Doncon,MIN,3B,999.9
63001,Mitch Jebb,PIT,"2B,OF",999.9
60257,Hendry Mendez,MIN,LF,999.9
64966,Emil Morales,LAD,SS,999.9
65002,Dawel Joseph,SEA,"3B,SS",999.9
64369,Mike Sirota,LAD,OF,999.9
64514,Émilien Pitre,TB,"2B,SS",999.9
60081,Douglas Glod,ATL,"LF,RF",999.9
63610,Keiner Delgado,PIT,"2B,3B,SS",999.9
66432,Stiven Marinez,NYY,SS,999.9
65159,Andy Perez,COL,SS,999.9
63559,Justice Bigbie,DET,"LF,RF",999.9
63636,Echedry Vargas,MIA,"3B,SS",999.9
63913,Waner Luciano,HOU,"2B,3B",999.9
62843,Alfonsin Rosario,CLE,OF,999.9
12385,James Triantos,CHC,"2B,LF,CF",999.9
65848,Ty Harvey,SD,C,999.9
63521,Jansel Luis,AZ,"2B,3B,SS",999.9
60558,Ruben Santana,AZ,"1B,3B",999.9
60344,Shalin Polanco,PIT,"LF,CF,RF",999.9
66402,Juan Tomas,CHC,SS,999.9
62749,Boston Baro,NYM,"2B,3B,SS",999.9
65744,Wehiwa Aloy,BAL,SS,999.9
62981,Colin Houck,NYM,"3B,SS",999.9
65822,Colin Yeaman,BAL,"3B,SS",999.9
64537,Sam Petersen,WSH,OF,999.9
65739,Luke Stevenson,SEA,C,999.9
62923,Carson Rucker,DET,3B,999.9
60724,Axiel Plaz,PIT,"C,1B",999.9
65915,Lorenzo Meola,SF,2B,999.9
66488,Harold Rivas,BOS,CF,999.9
65528,Juneiker Caceres,CLE,OF,999.9
63005,Nazzan Zanetello,BOS,"2B,SS",999.9
62914,Jonah Cox,SF,"LF,CF",999.9
63218,Cole Fontenelle,LAA,3B,999.9
65781,Jordan Yost,DET,SS,999.9
64339,Kellon Lindsey,LAD,SS,999.9
64334,Walker Janek,HOU,C,999.9
60285,Jacob Reimer,NYM,"1B,3B",999.9
12426,Roberto Campos,DET,"CF,RF",999.9
64362,Braylon Payne,MIL,OF,999.9
62220,Tanner Murray,CWS,"2B,3B,SS,LF,RF",999.9
60445,Josh Kasevich,TOR,"3B,SS",999.9
64899,Jorge Quintana,SD,"3B,SS",999.9
62811,Mac Horvath,TB,"2B,3B,CF,RF",999.9
60194,Kenni Gomez,HOU,OF,999.9
64391,Kyle DeBarge,MIN,"2B,SS,OF",999.9
62959,Yohandy Morales,WSH,"1B,3B",999.9
62756,Sammy Stafura,PIT,"2B,SS",999.9
62827,Ethan O'Donnell,MIA,OF,999.9
66448,Kenly Hunter,STL,OF,999.9
64911,Jose Perdomo,ATL,SS,999.9
63547,Sheng-En Lin,CIN,SS,999.9
66490,Raudi Rodriguez,LAA,"CF,RF",999.9
64960,Ramon Ramirez,KC,C,999.9
60150,Dyan Jorge,COL,"2B,SS",999.9
60538,Elijah Green,WSH,CF,999.9
65782,Mason Neville,CIN,OF,999.9
65792,Max Williams,MIA,OF,999.9
62926,Carson Roccaforte,KC,OF,999.9
62459,Reed Trimble,BAL,"LF,CF,RF",999.9
63595,Juan Baez,MIL,"2B,3B",999.9
65597,Dylan Jasso,MIA,"1B,2B,3B",999.9
64629,Ronny Cruz,WSH,SS,999.9
62774,Spencer Nivens,KC,"LF,RF",999.9
64962,Jhonayker Ugarte,KC,"3B,SS",999.9
64242,Bryan Torres,STL,"2B,LF,RF",999.9
60107,Mikey Romero,BOS,"2B,3B",999.9
12517,Lonnie White Jr.,PIT,"LF,CF,RF",999.9
63524,Christian Cerda,AZ,C,999.9
60057,Deyvison De Los Santos,MIA,"1B,3B",999.9
64996,Jhonny Level,SF,SS,999.9
65898,Ethan Frey,HOU,OF,999.9
65727,Jace LaViolette,CLE,OF,999.9
61705,Carlos De La Cruz,WSH,"CF,RF",999.9
63122,Devin Saltiban,PHI,"2B,OF",999.9
64980,Edward Lantigua,NYM,"2B,3B,SS",999.9
60319,Hao-Yu Lee,DET,"2B,3B",999.9
60730,Carlos Pacheco,ATH,RF,999.9
64169,Sung-Mun Song,SD,"2B,3B",999.9
60336,Termarr Johnson,PIT,2B,999.9
60279,Jett Williams,MIL,"2B,SS,OF",999.9
65011,Yeremy Cabrera,WSH,OF,999.9
64957,Franyerber Montilla,DET,"2B,SS",999.9
66410,Cris Rodriguez,DET,OF,999.9
65888,Cooper Flemming,TB,SS,999.9
64483,Nick McLain,CWS,CF,999.9
12566,Cameron Cauley,TEX,"2B,SS,OF",999.9
60422,Dom Keegan,TB,C,999.9
63208,RJ Schreck,TOR,OF,999.9
64947,Nelly Taylor,BOS,OF,999.9
64983,Edgleen Perez,PIT,C,999.9
62952,Ralphy Velazquez,CLE,1B,999.9
12539,Gabriel Gonzalez,MIN,"LF,RF",999.9
64943,Jordan Sanchez,BAL,OF,999.9
62932,Jared Dickey,ATH,RF,999.9
12470,Joe Mack,MIA,C,999.9
60270,Tanner Schobel,MIN,"3B,SS",999.9
64172,Josue Briceño,DET,"C,1B",999.9
65812,Josiah Hartshorn,CHC,OF,999.9
64998,Yohendry Sanchez,SF,C,999.9
62113,Jack Brannigan,PIT,"3B,SS",999.9
64370,Caleb Bonemer,CWS,"3B,SS",999.9
62858,Kemp Alderman,MIA,OF,999.9
65645,José Anderson,MIL,OF,999.9
64971,Luis Cova,MIA,OF,999.9
66449,Royelny Strop,STL,OF,999.9
66440,Truitt Madonna,SD,C,999.9
63007,Travis Honeyman,STL,"LF,CF",999.9
65762,Nick Becker,SEA,SS,999.9
61787,T.J. Rumfield,COL,1B,999.9
60663,Leandro Arias,BAL,"2B,3B,SS",999.9
63117,J.D. Gonzalez,TB,C,999.9
64615,Fenwick Trimble,MIA,OF,999.9
66382,Eduardo Valencia,DET,"C,1B",999.9
11449,Gabriel Rodriguez,CLE,"3B,SS",999.9
12559,Cooper Kinney,TB,"2B,3B",999.9
62983,Enrique Bradfield Jr.,BAL,OF,999.9
65447,Josh Adamczewski,MIL,2B,999.9
65582,Dillon Lewis,MIA,OF,999.9
64907,Pascanel Ferreras,HOU,"2B,3B,SS",999.9
63151,Chase Jaworsky,MIA,"2B,SS",999.9
64933,Fernando Cruz,CHC,SS,999.9
65766,Tate Southisene,ATL,SS,999.9
62942,George Wolkow,CWS,"CF,RF",999.9
66415,Kevin Alvarez,HOU,OF,999.9
60315,Cooper Bowman,ATH,"1B,2B,LF",999.9
64352,Tyson Lewis,CIN,SS,999.9
60136,Ricky Cabrera,CIN,3B,999.9
12487,Emmanuel Rodriguez,MIN,CF,999.9
65960,Michael Oliveto,DET,C,999.9
60320,Gabriel Rincones Jr.,PHI,"LF,RF",999.9
64937,Thomas Sosa,BAL,"LF,RF",999.9
62993,Jack Hurley,AZ,"LF,CF",999.9
60614,Jacob Berry,MIA,"2B,3B,RF",999.9
62997,George Lombard Jr.,NYY,"2B,3B,SS",999.9
65847,Jack Gurevitch,STL,1B,999.9
61917,Pablo Aliendo,CHC,"C,1B",999.9
60582,Michael Arroyo,SEA,2B,999.9
62339,Christian Franklin,WSH,"LF,CF,RF",999.9
64917,Yairo Padilla,STL,SS,999.9
65396,Will Bush,HOU,"C,1B",999.9
65821,Aidan West,LAD,SS,999.9
66462,Marconi German,WSH,"2B,SS",999.9
64392,Dylan Dreiling,TEX,OF,999.9
66489,Darwing Ozuna,ATH,RF,999.9
64410,Ty Southisene,CHC,2B,999.9
66463,Sir Jamison Jones,WSH,C,999.9
65735,Kayson Cunningham,AZ,SS,999.9
64991,Edward Florentino,PIT,"1B,OF",999.9
63618,Eduardo Tait,MIN,C,999.9
64965,Hyungchan Um,KC,C,999.9
62593,Jace Avina,NYY,OF,999.9
63572,Capri Ortiz,LAA,"2B,SS",999.9
65796,Coy James,WSH,SS,999.9
62960,Blake Mitchell,KC,C,999.9
62990,Walker Martin,SF,"3B,SS",999.9
62560,Jadher Areinamo,TB,"2B,3B,SS",999.9
60587,Carlos Jimenez,SEA,OF,999.9
60323,William Bergolla,CWS,"2B,SS",999.9
63558,Enrique Jimenez,MIN,"C,1B",999.9
66399,Nate George,BAL,OF,999.9
64287,Alexander Albertus,CWS,3B,999.9
65503,Juan Cabada,CHC,"2B,3B",999.9
62195,Jesus Baez,STL,"2B,3B,SS",999.9
65859,Landon Hodge,CWS,C,999.9
60256,Luis Lara,MIL,OF,999.9
62800,Mike Boeve,MIL,1B,999.9
64956,Ashly Andujar,COL,SS,999.9
65758,Caden Bodine,TB,C,999.9
64547,Jakob Christian,SF,"1B,LF,RF",999.9
65900,Ethan Hedges,COL,3B,999.9
61844,Wade Meckler,LAA,CF,999.9
63539,Derniche Valdez,CHC,SS,999.9
11872,Alex Ramírez,NYM,"LF,RF",999.9
61620,Edward Duran,TOR,C,999.9
65001,Oliver Tejada,SF,"LF,RF",999.9
66393,Carlos Virahonda,AZ,C,999.9
66450,Elorky Rodriguez,TEX,"2B,OF",999.9
64325,Tommy White,ATH,3B,999.9
63014,Brandon Winokur,MIN,"3B,SS,OF",999.9
64308,Payton Eeles,BAL,"2B,SS,LF",999.9
64505,Josh Caron,SEA,C,999.9
60098,Jud Fabian,BAL,"LF,CF",999.9
64903,Hayden Alvarez,LAA,OF,999.9
62832,Parks Harber,SF,"1B,3B",999.9
62956,Dillon Head,MIA,OF,999.9
60128,Cam Collier,CIN,"1B,3B",999.9
65738,Daniel Pierce,TB,SS,999.9
62769,Colton Ledbetter,STL,OF,999.9
64940,Emilio Sanchez,BAL,"3B,SS",999.9
62919,Tre' Morgan,TB,"1B,OF",999.9
63189,Jonathon Long,CHC,1B,999.9
60657,Max Wagner,BAL,"2B,3B",999.9
64750,Joseph Sullivan,HOU,OF,999.9
64134,Charles McAdoo,TOR,"1B,3B",999.9
62226,Rosman Verdugo,SD,"2B,3B",999.9
64333,Dakota Jordan,SF,OF,999.9
64037,Luis Suisbel,SEA,"3B,SS",999.9
12226,Pedro León,PHI,RF,999.9
11747,Tyler Callihan,PIT,"2B,LF",999.9
60689,Coco Montes,TB,"2B,3B,OF",999.9
12575,Samad Taylor,SD,"2B,RF",999.9
9570,Tom Murphy,SF,C,999.9
60202,Tyler Gentry,KC,RF,999.9
12442,Shay Whitcomb,HOU,"2B,3B",999.9
61684,Kenedy Corona,NYY,"LF,CF,RF",999.9
60507,Cesar Prieto,STL,"2B,3B,SS",999.9
12134,Drew Romo,CWS,C,999.9
9558,Kris Bryant,COL,Util,999.9
12411,Adael Amador,COL,2B,999.9
12428,Ryan Kreidler,MIN,CF,999.9
62404,Jhostynxon Garcia,PIT,"CF,RF",999.9
10913,Akil Baddoo,MIL,LF,999.9
61775,Rafael Flores Jr.,PIT,"C,1B",999.9
12160,Endy Rodríguez,PIT,"C,1B",999.9
10875,Ryan Vilade,TB,"LF,RF",999.9
60112,Niko Kavadas,LAA,"1B,LF,RF",999.9
12133,Zac Veen,COL,"LF,RF",999.9
63486,Tsung-Che Cheng,BOS,"2B,3B,SS",999.9
62957,Bryce Eldridge,SF,1B,196.5
12080,Justin Foscue,TEX,1B,999.9
61268,Hunter Feduccia,TB,C,999.9
63083,Carson McCusker,MIN,"LF,RF",999.9
11376,Tirso Ornelas,SD,LF,999.9
60406,Jimmy Crooks,STL,C,999.9
60421,Tristan Peters,CWS,CF,999.9
61743,Cam Devanney,PIT,3B,999.9
61943,Will Robertson,BAL,"LF,RF",999.9
12765,Ryan Noda,BAL,1B,999.9
60901,Maverick Handley,BAL,C,999.9
63311,Bradley Blalock,MIA,SP,999.9
11774,Jack Kochanowicz,LAA,SP,999.9
10402,Germán Márquez,SD,SP,999.9
10176,Antonio Senzatela,COL,"SP,RP",999.9